"","track","key","key_duration","chord","chord_duration","tempo"
"1","05.TheCaptain","A minor, C major, C minor, E minor, F major, F minor, F# / Gb major","5.94430839, 141.920362812, 51.269659864, 1.48607709700002, 2.229115646, 4.45823129299998, 7.430385487","A, Ab/Eb, Ab7, Abaug, Abdim7/Gb, Am, Am7, C, C/G, Cm, Cm6, Cmaj7, D6, E, Eb6, Em, Em7, Emaj7, F, F/C, F/G, F#7, Fmaj7, G, G6","5.154829932, 0.278639455999993, 1.578956916, 0.278639456000008, 1.578956916, 12.39945578, 10.820498866, 62.508117913, 2.461315193, 3.390113379, 3.854512471, 8.82358276600001, 0.696598640000019, 1.486077098, 0.278639455999993, 19.551201816, 0.557278910999997, 1.81115646199999, 28.235464855, 3.99383219900001, 1.857596372, 2.08979591799999, 3.900952381, 24.195192744, 0.510839001999997",127.257656521739
"2","gus2006-03-29t03","A minor, Bb major, C major, C minor, C# minor, D minor, Db major, F major, G major","80.991201814, 11.145578232, 106.99755102, 0.743038548000001, 1.486077098, 3.71519274400001, 5.201269841, 0, 2.972154195","A7, Am, Am7, Amaj7, C, C/D, C/E, C6, Cmaj7, Dm7, Eaug, Em, Em7, Emaj7, F, F/G, F6, Fmaj7, G, G6","1.48607709700002, 19.504761906, 26.331428571, 1.764716553, 53.498775511, 0.510839001999997, 2.229115646, 1.25387755099999, 2.182675737, 11.28489796, 1.068117914, 5.80498866299999, 12.260136053, 0.417959183999983, 13.606893424, 4.458231293, 2.60063492100001, 18.622403627, 22.894875283, 0.464399092999997",130.064185185185
"3","guster_2007-02-23_d1t01","A minor, B major, Bb major, C major, C minor, C# minor, E major, E minor, Eb / D# minor, F major, G major, G minor, G# minor","11.88861678, 17.089886622, 5.94430839, 161.982403628, 14.117732427, 3.71519274400003, 0, 16.346848072, 2.972154195, 11.888616779, 4.458231293, 11.145578231, 3.715192743","Am, Am7, B/C#, B7, Bb7, Bdim7/A, Bm7, Bmaj7, C, C#, C#dim7/B, C6, Caug, Cm6, Cmaj7, D7/F#, E, E6, Em, F, F#/C#, F#dim7/E, Fmaj7, G","12.817414965, 24.7524716570001, 0.510839002000012, 1.904036281, 1.30031746, 3.71519274399998, 0.325079364999993, 1.021678005, 46.625668936, 1.02167800399999, 1.207437642, 28.003265307, 1.207437642, 2.27555555499998, 13.88553288, 0.696598639999991, 0.975238094999995, 1.39319727899999, 20.294240361, 29.953741495, 0.650158729999987, 1.996916099, 6.82666666699998, 22.384036282",135.405982352941
"4","guster_2009-07-31_d1t02","A minor, Ab major, Bb major, C major, C minor, C# minor, D minor, E minor, Eb major, F major, G major, G minor","33.436734694, 8.17342403599997, 7.43038548700002, 104.025396826, 49.040544217, 2.22911564599998, 5.94430839, 2.97215419599999, 7.430385487, 6.687346939, 2.972154195, 2.972154195","Am, Am7, Amaj7, Bb7/D, C, C/E, C6, Caug, Cmaj7, D, D6, D7, Dmaj7, E7, Eaug, Ebm7, Em, Em7, F, F/C, F6, Fdim7/Eb, Fm, Fmaj7, G, G7, G7/B, Gm, Gmaj7","11.749297053, 6.82666666600002, 6.54802721099999, 0.789478457999991, 39.009523808, 1.160997732, 21.223038548, 3.39011337899998, 24.102312926, 0.603718821000001, 1.43963718800001, 0.464399093000011, 0.325079365999997, 0.464399092999997, 3.993832199, 2.32199546500001, 11.795736961, 8.823582767, 18.947482994, 3.76163265300001, 1.85759637199999, 2.136235828, 2.507755102, 5.61922902399999, 20.619319729, 1.39319727900002, 0.325079365000001, 0.603718820999973, 4.36535147399999",129.056787878788
"5","guster2005-05-05t14","A minor, Bb major, C major, C minor, C# minor, D major, D minor, Db major, E major, Eb / D# minor, F major","62.415238095, 1.48607709700002, 120.372244898, 5.94430839, 4.45823129300001, 1.48607709799998, 5.201269841, 8.916462585, 0.743038547999987, 0, 27.492426304","A, A7, Ab, Ab6, Ab7, Abm, Abm7, Am, Am7, Amaj7, B, B7/D#, Bbdim7/Ab, Bbm, C, C6, Cm7, Cmaj7, E, E6, Em, Em7, Emaj7, F, Fmaj7, G, Gdim7/F, Gmaj7","8.63782312899997, 7.89478457999996, 2.739954649, 2.32199546499999, 1.25387755099999, 2.275555556, 9.334421768, 8.4985034, 2.229115646, 1.718276644, 2.69351473899999, 0.510839001999997, 5.06195011400001, 1.068117914, 56.424489795, 14.349931972, 1.71827664400001, 3.250793651, 0.882358277000002, 1.34675737000001, 15.464489795, 8.87002267600005, 0.882358276000019, 28.60698413, 18.018684808, 21.733877552, 0.278639455, 1.99691609999999",134.607807692308
"6","guster2005-05-11t06","A minor, C major, C minor, E minor, F major, G major","11.145578231, 172.38494331, 1.48607709699999, 11.888616781, 1.48607709700001, 20.062040817","Am, Am7, C, C6, Cm, Cmaj7, Em, Em7, F, Fmaj7, G","9.42730158600001, 15.278730159, 73.096417233, 6.64090702999997, 4.64399093000001, 2.182675737, 28.421224489, 0.510839002000012, 32.322176871, 11.192018142, 23.962993197",115.622952631579
"7","guster2005-06-25d1t09","A minor, Bb major, C major, C minor, C# minor, D minor, Db major, E minor, F major, G major, G minor","17.089886621, 1.48607709699999, 152.322902494, 38.638004536, 0.743038549000005, 5.20126983999998, 8.173424037, 2.22911564600003, 2.229115646, 13.374693878, 18.575963719","A, Ab7/C, Abmaj7, Am, Am6, Am7, Amaj7, B7, Bb7/D, C, C/E, C6, Cm, Cmaj7, Daug, Dm, Dm6, Dmaj7, E, Eaug, Ebmaj7, Em, Em7, F, F/C, Fmaj7, G, G/A, G/D, Gdim7, Gm, Gmaj7","1.857596372, 0.603718821000001, 1.48607709699998, 17.693605443, 4.36535147400001, 2.46131519299999, 3.11147392300002, 0.325079364999993, 3.90095237999998, 54.520453514, 1.114557823, 20.062040815, 7.430385487, 6.50158730199999, 3.575873016, 5.43346938800002, 3.76163265299999, 2.78639455700002, 0.975238094999998, 1.95047619, 2.972154195, 11.563537415, 4.36535147500001, 16.764807257, 11.377777777, 12.399455782, 13.88553288, 0.464399092999997, 0.789478457999991, 1.39319727899999, 3.11147392300001, 12.678095239",132.620813636364
"8","guster2005-11-11d1t10","(unknown), A major, A minor, B minor, C major, C# minor, D major, Eb / D# minor, F minor, F# minor, G major, G minor, G# minor","0.743038548, 26.006349207, 40.867120183, 6.68734693799999, 141.920362812, 5.94430839, 9.65950113400004, 0, 0.743038548000015, 1.48607709800001, 22.291156462, 9.65950113299999, 0.743038549000005","A, Am, Am7, Bdim7/A, Bm7, C, C/D, C#dim7/B, Cmaj7, Dm7, E6, E7, Em, Em7, F, F#/E, F6, F7, Fm6, Fmaj7, G, G/D, G6","2.925714286, 13.18893424, 15.78956916, 0.603718821000001, 2.60063492100005, 14.767891159, 54.938412699, 1.16099773299999, 4.82975056699999, 3.157913832, 30.371700681, 5.43346938800002, 3.76163265300002, 28.328344671, 2.136235827, 2.22911564599997, 15.232290249, 1.021678005, 1.904036281, 5.804988662, 23.359274374, 2.182675737, 5.24770975099999",144.806568627451
"9","guster2006-03-25d1t02","A minor, C major, C minor, F major, G major","8.173424036, 112.198820861, 49.040544217, 31.207619049, 2.229115646","A, Am, C, C/E, C#dim7/B, C6, Cmaj7, E/B, Em, Em7, Emaj7, F, F/C, Fmaj7, G, G6, G7","1.764716554, 24.659591837, 26.284988663, 3.94739229000001, 5.201269841, 52.291337868, 12.306575963, 1.34675737000001, 9.19510204000002, 2.832834467, 2.368435374, 17.414965985, 1.85759637199999, 18.715283447, 11.099138322, 5.479909298, 5.43346938800001",133.934411764706
"10","guster2006-04-21d1t03","A minor, C major, D minor, Eb / D# minor, F major, F# minor, G minor","36.40888889, 151.579863944, 0.743038549000005, 0.743038547999987, 9.659501134, 24.520272109, 5.201269841","A, Ab7/C, Adim7/G, Am, Am7, C, C6, Cmaj7, E7, Em, Em7, F, F/C, F6, Fmaj7, G, G6, Gmaj7","4.69043083899999, 2.08979591799999, 3.52943310700002, 18.250884354, 9.938140591, 43.328435375, 16.950566894, 12.260136054, 3.900952381, 14.257052153, 9.05578231200005, 35.201451248, 3.622312925, 0.743038548000001, 1.71827664399999, 24.984671202, 0.557278912000001, 9.42730158699999",130.512916666667
"11","guster2006-04-21d1t03.mk21","A major, A minor, C major, C minor, Db major, E minor, F major, G major, G minor, G# minor","11.145578231, 62.415238096, 114.427936509, 4.45823129199999, 0.743038548, 2.22911564599997, 18.575963719, 16.346848072, 0, 1.48607709700002","A, Am, Am7, C, C6, Cmaj7, E6, Em, F, Fmaj7, G","3.94739229, 10.495419502, 35.944489798, 48.483265307, 4.41179138300001, 7.56970521599999, 4.08671201800001, 17.04344671, 36.362448978, 7.894784581, 22.616235827",131.159045454545
"12","guster2006-06-19t06","A major, A minor, B major, C major, C minor, C# minor, D major, F# minor","14.117732427, 11.88861678, 1.48607709800001, 155.295056689, 35.66585034, 26.006349206, 13.374693877, 14.860770975","Abdim7/Gb, Am, Am7, B/F#, C, C/E, C/G, C#m, C#m7, C6, Cmaj7, D6, D7/F#, E7, E7/G#, Em, Em7, F, F#, F#6, F#dim7, F#m, Fmaj7, G, G7, Gm7, Gmaj7","1.34675736899999, 14.4892517, 18.0186848069999, 0.557278911999987, 65.712471655, 0.882358276999994, 0.557278912000001, 4.87619047600006, 3.34367346900001, 10.170340136, 4.597551021, 0.975238094999995, 47.322267574, 0.278639455999993, 0.743038549000005, 14.3499319740001, 6.73378684900003, 25.6348299309999, 13.653333333, 2.22911564699999, 4.040272109, 7.70902494299995, 3.34367347, 24.706031744, 0.371519274000008, 0.464399092999997, 0.325079365000001",134.424785454545
"13","guster2006-06-20-dise-t07","A major, B major, C major, C minor, C# minor, D major, D minor, F minor, G major","12.631655328, 4.45823129199999, 159.010249432, 45.325351474, 0.743038549000005, 31.207619048, 3.71519274399999, 5.94430838999997, 11.888616781","A7, Am, Am7, Amaj7, B7/D#, Bb7/D, Bbdim7/Ab, Bmaj7, C, C#, C6, Cm, Cmaj7, Dm7, E7/G#, Eb/F, Eb7/G, Edim7/D, Em, Em6, Em7, F, F6, F7, Fmaj7, G, G7/B, Gmaj7","1.671836735, 5.43346938800001, 24.427392289, 1.718276644, 1.11455782400002, 1.06811791299998, 2.97215419500003, 3.06503401399999, 65.573151925, 0.975238095000009, 1.904036281, 9.14866213200001, 7.94122448999997, 1.48607709699999, 0.278639456000008, 0.417959183000001, 1.90403628099997, 5.38702947900001, 11.656417235, 1.904036281, 19.82984127, 8.870022675, 5.24770975, 1.85759637199999, 9.47374149599997, 27.213786851, 0.603718821000001, 11.23845805",135.717541666667
"14","guster2006-06-20mix-t07","A minor, Bb major, C major, C minor, D major, E minor, G major, G minor","6.68734693900001, 0.743038549000005, 142.663401359, 42.353197279, 14.860770975, 5.94430839, 23.034195012, 5.94430838999997","Adim7/G, Am, Am7, C, C/E, C#dim7, C6, Cm6, Cmaj7, D6, Ddim7/C, Dmaj7, Ebmaj7, Em, Emaj7, F, F/C, F7, F7/A, Fmaj7, G, G7/B, Gm, Gmaj7","4.133151927, 6.45514739300001, 26.284988661, 57.771247167, 0.882358276000001, 1.16099773300002, 18.668843538, 2.92571428500003, 6.36226757499999, 0.325079364999993, 1.57895691599998, 2.972154195, 2.50775510199998, 23.962993197, 1.30031746100002, 17.275646257, 1.71827664399999, 0.603718821000001, 0.789478458000019, 5.15482993199998, 35.340770974, 4.31891156399999, 0.789478457999991, 3.39011337899998",176.281638888889
"15","guster2006-06-21.wclz.t03","A major, Ab major, Bb major, C major, C minor, D major, D minor","0.743038549000005, 7.43038548799998, 15.603809524, 193.933061225, 27.492426303, 32.693696144, 5.94430839","A, Ab, Abmaj7, Am, Am7, Amaj7, Baug, Bb6, Bbmaj7, Bmaj7, C, C#m, C6, Cmaj7, Dm7, Em, Emaj7, F, F#m, Fmaj7, G, Gmaj7","0.417959184000011, 0.603718821000001, 1.393197278, 7.66258503399997, 31.81133787, 3.25079365099998, 0.789478457999991, 0.743038549000005, 0.650158729999987, 0.789478458000019, 65.294512473, 1.06811791399997, 5.01551020499997, 15.278730158, 0.464399092999997, 19.086802721, 1.85759637200002, 33.854693874, 1.39319727899999, 4.04027210900003, 24.798911564, 1.068117914",121.035042553191
"16","guster2006-06-21bm-t07","A minor, B major, C major, C minor, C# minor, D major, Db major, E major, E minor, Eb / D# minor, Eb major, F major, F# / Gb major, G major","17.832925171, 18.5759637200001, 133.746938774, 59.443083901, 34.922811791, 7.43038548800001, 3.71519274399998, 11.145578232, 7.430385487, 4.45823129199999, 13.374693877, 5.94430838899999, 9.65950113400001, 5.201269841","A, Abaug, Adim7, Am, Am7, B7/D#, Bbdim7, Bbm6, Bbm7, Bbmaj7, Bmaj7, C, C6, Cdim7/Bb, Cm, Cm6, Cmaj7, D, D7/F#, E, Eb, Eb6, Eb7, Eb7/G, Ebm6, Ebmaj7, Em, Em7, Emaj7, F, F/C, F#, F#dim7/E, F7, G, Gaug, Gmaj7","5.340589569, 0.928798185999995, 3.29723356, 7.84834467199998, 13.560453516, 1.43963718699999, 0.743038549000005, 1.11455782299998, 0.371519275000026, 1.06811791399997, 6.45514739099998, 48.529705214, 9.38086167900001, 5.94430839, 4.50467120299999, 4.69043083899999, 13.653333334, 2.08979591900002, 4.87619047600002, 0.696598639999991, 1.439637189, 4.040272108, 1.76471655300003, 4.22603174600002, 3.993832199, 8.40562358300004, 11.9350566879999, 1.81115646200001, 2.92571428499997, 29.953741497, 2.97215419499998, 1.764716553, 2.04335600900001, 2.50775510199998, 12.956734694, 1.48607709800001, 12.353015873",140.433338461538
"17","guster2006-06-22.worldcafe.t03","A major, A minor, Bb minor, C major, C minor, C# minor, Db major, F major, F minor, F# / Gb major","5.94430838899999, 0.743038549000005, 5.201269841, 179.815328798, 41.61015873, 4.45823129300001, 0, 5.94430839, 0.743038549000005, 0.743038549000005","Abmaj7, Am, Am7, Amaj7, Bbmaj7, C, C/E, C/G, C6, Cm, Cmaj7, D6, E/B, E7, Em, F, F#maj7, Fm, Fmaj7, G, G6","2.04335600900001, 16.486167802, 15.650249433, 0.789478457999991, 3.39011337900001, 74.6753741510001, 1.02167800399999, 0.510839002000004, 6.82666666600001, 0.278639455999999, 10.774058957, 0.371519273999994, 0.789478457999991, 0.325079364999993, 19.133242633, 20.247800452, 0.371519273999979, 0.464399092999997, 8.45206349100002, 23.684353739, 1.43963718899998",129.205916666667
"18","guster2006-06-22d1t01","A minor, Ab major, C major, C minor, D minor, Db major, F major, F minor, F# / Gb major, G minor","85.449433106, 5.94430839, 83.963356009, 20.805079365, 10.402539683, 0.743038548000015, 17.832925169, 12.63165533, 4.45823129299998, 1.48607709699999","Am, Am7, C, C6, Cdim7, Cmaj7, D7/F#, Dm7, E7, Em, Em7, F, F/C, F#dim7, F6, Fmaj7, G, G6","26.656507938, 5.80498866100004, 56.656689342, 18.854603175, 20.247800455, 13.003174606, 3.111473923, 0.603718821000001, 0.417959182999994, 15.464489797, 6.08362811899998, 26.610068023, 3.25079364999999, 2.73995464900003, 6.78022675699999, 8.73070294799999, 25.263310656, 1.53251700700002",134.689625
"19","guster2006-06-23t05","A major, Ab major, B major, Bb major, C major, C minor, D major, D minor, Db major, F major, F# / Gb major, F# minor, G major, G minor","14.117732425, 3.71519274400001, 9.65950113399998, 8.17342403700002, 168.669750567, 34.922811792, 38.638004535, 0.743038548, 14.117732426, 2.972154195, 0.743038548999976, 5.94430839, 6.68734693800002, 6.68734693899998","Am, Am7, B7/D#, Bm6, C, C/E, C/G, C#maj7, C6, Cmaj7, D7, D7/F#, Ddim7/C, Dmaj7, E/B, Ebdim7, Em, Em7, F, F/C, F#m7, Fmaj7, G, G6, G7","22.151836734, 5.154829931, 0.464399092999997, 1.71827664400001, 68.359546487, 1.20743764100001, 0.325079365000001, 0.603718820999973, 12.260136056, 16.346848072, 4.92263038499999, 3.52943310600003, 1.764716553, 18.901043083, 2.04335600899999, 0.975238095000009, 14.953650796, 4.690430839, 18.250884354, 3.29723356, 3.43655328799997, 13.281814058, 29.58222222, 5.29414966000002, 3.62231292600001",130.916867924528
"20","guster2006-06-30.kcrwweb.t10","A minor, C major, C minor, D major, G major","1.486077098, 176.843174602, 28.978503402, 0, 8.916462585","Ab, Am, Am7, B7/D#, Bm, C, C6, Cmaj7, Em, Em7, F, F7, Fmaj7, G","0.278639456000008, 15.046530613, 18.390204083, 0.510839001999997, 5.66566893300001, 77.322448977, 10.913378685, 1.71827664400001, 17.08988662, 5.479909298, 16.300408163, 1.71827664400001, 10.866938776, 24.473832201",123.23919047619
"21","guster2006-07-11d2t02","A minor, Bb major, C major, C minor, E minor, F major","64.644353742, 0.743038549000005, 110.712743764, 20.062040816, 0, 16.346848072","A, A/B, Am, Am7, Bm6, C, C/E, C6, Cmaj7, D6, Dm6, E, Em, Em7, F, F#7, F6, Fmaj7, G, G6, G7/B","2.275555556, 1.30031746099999, 19.040362812, 14.860770973, 1.34675736899999, 40.309841272, 1.068117914, 16.253968255, 11.099138322, 0.371519273999994, 2.229115646, 11.563537414, 13.978412699, 6.03718820799999, 31.672018141, 0.789478457999991, 1.439637189, 10.634739228, 21.037278911, 4.73687074799999, 2.22911564700001",127.508826666667
"22","guster2006-07-14d1t01","A minor, Bb major, Bb minor, C major, C minor, E minor, G major","54.984852608, 16.346848073, 0.743038548, 141.920362811, 11.145578231, 2.229115646, 7.430385488","Am, Am7, C, C#7/E#, C6, Cmaj7, Em, Em7, F, F6, Fmaj7, G, G6","22.941315194, 2.13623582699998, 44.721632652, 0.882358277000002, 15.510929706, 28.467664401, 12.863854875, 19.411882084, 16.718367345, 2.87927437700001, 18.575963719, 22.894875284, 1.11455782300001",129.287035714286
"23","guster2006-07-17.akg1000.d02t02","A minor, C major, C minor","23.777233559, 162.725442177, 6.687346939","A, Am, Am7, B6, C, C/E, C/G, C6, Cmaj7, E/B, Eaug, Em, Em7, F, Fmaj7, G, G6, G7","5.06195011400001, 11.052698414, 13.003174606, 5.24770975000001, 53.3594557829999, 1.99691610000001, 0.417959183000001, 13.096054421, 10.774058957, 1.34675736899999, 0.928798186000009, 12.678095236, 5.20126984100003, 35.387210885, 7.70902494300005, 22.616235827, 2.554195011, 2.136235828",125.8774
"24","guster2006-08-09t03","A major, Ab major, Bb major, C major, C minor, E minor, Eb / D# minor, F major, F minor, G major","0, 18.57596372, 0.743038547999987, 170.155827663, 8.916462586, 7.43038548800001, 5.94430839, 13.374693878, 1.48607709699999, 2.22911564499999","A/B, Am, Am7, B, Bdim7, C, C/E, C#/B, C#dim7/B, C6, Cmaj7, E/B, Em, F, F#m, F6, Fmaj7, G, G7/B, Gmaj7","1.62539682600001, 11.88861678, 18.343764173, 0.835918367000005, 10.959818594, 47.554467119, 1.02167800399999, 0.325079365000022, 2.32199546499999, 15.836009072, 14.860770974, 1.43963718799998, 19.551201814, 42.028117912, 1.532517007, 1.99691609999999, 2.41487528299999, 16.950566894, 7.56970521600002, 7.61614512599999",135.0374
"25","guster2006-08-11d1t01","A major, A minor, B major, Bb minor, C major, C minor, C# minor, D major, D minor, E major, E minor, G major","7.430385487, 26.006349207, 5.94430839000001, 2.97215419499997, 152.322902495, 45.325351474, 2.972154195, 35.66585034, 4.458231293, 2.229115645, 5.94430839, 2.22911564600003","A, A7, Am, Am7, Bm, C, C/E, C#m7, C6, Cm, D6, Dmaj7, E, E6, E7, Em, Em6, Em7, Emaj7, F, F6, Fmaj7, G, Gmaj7","4.59755102100003, 1.764716553, 11.795736962, 19.4583219970001, 0.696598639000001, 64.4585941050001, 3.20435374200002, 1.02167800500001, 14.814331065, 3.52943310599994, 0.464399092999997, 5.015510204, 1.811156463, 1.532517007, 17.043446712, 4.040272109, 6.54802721, 33.4367346919999, 3.436553289, 30.2788208619999, 3.94739228899999, 5.52634920700001, 25.356190474, 5.712108845",131.828510204082
"26","guster2006-08-12d1t02","A minor, B major, C major, C minor, E minor, F major, F minor, F# / Gb major, G major","57.957006803, 2.972154195, 84.706394558, 35.665850339, 0, 20.062040817, 17.83292517, 2.972154195, 8.916462585","Adim7/G, Am, Am7, Bbdim7/Ab, C, C/E, C6, Cmaj7, E, Em, Em7, F, F#maj7, F7, Fmaj7, G, G6, Gaug, Gm6, Gmaj7","2.78639455699999, 17.925804988, 14.582131518, 1.43963718900002, 78.251247166, 2.27555555500001, 6.50158730100001, 6.501587301, 4.41179138299998, 12.63165533, 8.49850340399999, 10.170340136, 1.532517007, 1.81115646199999, 21.223038549, 25.309750566, 0.789478458000005, 2.136235828, 1.532517007, 2.97215419499999",126.84547826087
"27","guster2006-08-19d1t03","A minor, C major, C minor, G major","13.374693877, 106.254512472, 23.03419501, 43.839274377","A, Am, Am6, Am7, Bm, C, C/E, C6, Cmaj7, D6, Em, Em7, F, F/C, F6, F7, Fmaj7, G","1.811156462, 6.64090702999999, 2.089795919, 24.102312925, 0.278639456000008, 35.433650793, 1.9969161, 11.656417234, 27.074467118, 0.325079364999993, 14.628571428, 4.78331065699999, 33.5296145140001, 1.764716553, 1.48607709800001, 1.764716553, 1.904036281, 25.82058957",122.001333333333
"28","guster2006-09-15t02","A minor, Ab major, C major, C minor, C# minor, F# minor, G major, G minor, G# minor","38.638004535, 5.20126984199999, 107.74058957, 41.610158729, 11.145578231, 11.145578231, 14.117732426, 0.743038549000005, 2.229115646","A, A7, Am, Am7, Amaj7, B6, B7/D#, Baug, Bm6, C, C/E, C6, Cm, D6, Dm7, Em, Em7, Emaj7, F, F/G, Fmaj7, G","7.33750566900001, 1.71827664400001, 17.554285714, 11.981496598, 7.894784581, 11.656417234, 0.743038547999987, 5.340589569, 4.179591837, 67.012789119, 1.9969161, 10.959818596, 1.39319727899999, 3.29723356, 0.510839001999997, 6.13006802899997, 11.052698413, 1.904036281, 15.743129249, 1.48607709700001, 17.414965985, 25.913469386",133.7065
"29","guster2006-09-28t02","A minor, Bb major, C major, C minor, E minor, G minor","10.402539682, 13.374693877, 155.295056689, 26.749387755, 18.575963719, 5.20126984199999","A, Abm6, Am, Am7, Bbdim7, Bdim7, Bmaj7, C, C/G, Cmaj7, Dm7, Em, Em7, F, F/G, F6, Fmaj7, G, G7/B, Gm6, Gmaj7","1.48607709700001, 5.34058956899997, 14.164172335, 7.94122448899998, 2.64707483000001, 3.01859410400002, 10.681179139, 40.91356009, 0.464399092999997, 30.418140589, 1.671836735, 27.07446712, 9.28798186, 17.461405895, 3.715192743, 3.80807256200001, 18.901043085, 24.195192746, 3.39011337899998, 0.510839003000001, 2.83283446700003",123.097274193548
"30","guster2006-11-15t01","(unknown), A minor, Ab major, C major, C minor, E minor, F minor, F# / Gb major, G major","11.145578231, 74.303854875, 5.94430839, 107.740589569, 15.603809524, 7.43038548799999, 1.486077098, 0.743038549, 3.715192743","Am, Am7, C, C/E, C6, Cmaj7, Ddim7/C, Dm6, E, Em, F, F/C, F/G, Fmaj7, G, G7","24.891791383, 1.62539682599999, 50.75882086, 3.715192743, 14.489251699, 15.092970519, 2.22911564699999, 0.928798186, 3.52943310599997, 18.018684809, 16.671927441, 3.52943310700001, 3.06503401300002, 20.990839003, 19.87628118, 2.08979591800001",129.1772
"31","guster2007-03-02d1t02","A minor, Ab major, Bb major, C major, C minor, D minor, Db major, F major, F minor, F# / Gb major","8.173424036, 13.374693878, 0, 159.753287981, 38.638004535, 2.972154195, 0.743038549, 5.94430839, 2.229115646, 0.743038549000005","A, Abaug, Abdim7, Am, Am7, Bm, C, C#dim7/B, C6, Cmaj7, D, Em, Em7, F, Fmaj7, G, G7/B","9.56662131499999, 2.46131519300002, 1.625396825, 12.585215419, 38.591564625, 3.34367346900001, 44.164353742, 0.650158731000005, 8.54494331100002, 10.309659865, 1.39319727899999, 12.631655329, 2.321995464, 34.829931972, 9.98458049999999, 22.987755102, 1.39319727899999",126.809258064516
"32","guster2007-04-14d1t01","A minor, B major, C major, Db major, E minor, Eb / D# minor, F minor, G major","89.164625849, 17.089886621, 117.400090704, 2.229115646, 6.687346939, 2.972154195, 2.229115646, 0.743038549","A, Am, Am7, C, C6, Cmaj7, Dm, E, E7, Em, Em7, F, Fmaj7, G, Gmaj7","5.20126984099998, 50.294421771, 8.12698412699999, 41.842358272, 6.36226757399999, 5.247709751, 0.464399092999997, 4.086712017, 1.06811791300002, 4.27247165599999, 11.93505669, 19.969160999, 21.362358276, 14.860770978, 7.24462584999999",132.962166666667
"33","guster2007-04-18d1t01","A major, A minor, Ab major, C major, C minor, E major, E minor, G major, G minor","4.45823129199999, 8.173424036, 5.20126984100001, 176.100136054, 14.860770976, 0, 0.743038549000005, 17.089886621, 17.83292517","A, A7, Am, Am7, C, C6, C7, Cmaj7, Dm, Dm7, E, E7, Edim7/D, Em, Em7, F, F6, Fmaj7, G, G6","3.43655328899999, 5.015510204, 2.275555556, 34.133333334, 49.365623583, 9.75238095199998, 1.57895691599998, 8.87002267600002, 1.021678004, 1.99691609999999, 18.901043084, 2.832834467, 2.554195011, 11.052698412, 9.42730158800001, 23.77723356, 5.526349206, 8.59138321899999, 24.520272108, 0.557278912000015",112.792687878788
"34","guster2007-04-19d1t01","A major, Ab major, C major, C minor, Db major, E minor, F major, F minor, F# / Gb major, F# minor, G major","10.402539682, 12.631655329, 49.040544218, 11.88861678, 7.43038548700001, 41.61015873, 21.548117914, 0.743038549, 15.603809524, 2.972154194, 63.901315193","Am, Am7, C, C/E, C/G, C6, Cmaj7, Edim7/D, Em, F, Fmaj7, G, Gaug","4.87619047600002, 23.730793651, 76.950929704, 3.15791383200001, 2.368435374, 6.54802721000001, 4.272471656, 3.018594104, 19.597641725, 30.32526077, 4.92263038499999, 21.408798187, 1.718276644",133.157653846154
"35","guster2007-04-20d2t08","Ab major, Bb major, C major, C minor, Db major, E minor, F major, F minor, F# / Gb major, F# minor, G major","6.68734693900001, 2.229115646, 82.477278912, 21.548117913, 4.45823129300001, 24.520272109, 3.71519274399998, 11.88861678, 4.45823129199999, 3.71519274400001, 99.567165532","A/B, Am, Am7, C, C/E, C6, Cmaj7, Dmaj7, Em, Em6, F, F/C, F#7, Fmaj7, G, Gmaj7","1.81115646200001, 15.092970523, 4.365351473, 55.913650797, 3.34367347, 24.798911564, 22.43047619, 1.57895691600001, 22.38403628, 0.603718820000012, 10.216780045, 1.114557823, 2.04335600900001, 14.535691611, 17.275646257, 5.154829932",119.604018421053
"36","guster2007-04-21d1t02","C major, C minor, E minor, F major, F minor, G major, G minor","95.85197279, 47.554467121, 6.68734693800002, 11.145578231, 3.715192743, 46.068390022, 0","A, Am, Am7, Bb/D, C, C6, Cmaj7, Eaug, Em, Em7, F, F#/G#, Fmaj7, G, G/D, Gm","3.80807256299998, 4.829750568, 20.712199546, 1.48607709800001, 53.823854871, 8.823582767, 23.266394556, 1.114557823, 22.894875282, 0.975238096000012, 31.021859415, 2.136235828, 7.19818594200001, 21.08371882, 0.371519274999997, 2.08979591799999",111.266036
"37","guster2007-04-24t21","A major, C major, C minor, E minor, F minor, F# minor, G major","2.97215419400004, 115.170975059, 83.220317457, 1.48607709699999, 10.402539683, 4.45823129299998, 13.374693879","A7, Am, Am7, Amaj7, C, C6, Cm, Cm7, Cmaj7, Dm, Ebmaj7, Em, Emaj7, F, F6, Fm, Fmaj7, G, G/D, G7/B, Gdim7","1.39319727900002, 3.66875283400001, 24.845351473, 3.29723355900001, 47.972426303, 4.133151927, 2.97215419399998, 4.31891156500001, 21.22303855, 1.99691609999999, 1.39319727900002, 24.380952379, 0.928798185999995, 29.489342404, 1.021678005, 1.06811791400001, 5.29414966100001, 25.634829934, 0.603718821000001, 1.532517007, 0.743038548999976",140.73908
"38","guster2007-07-08.d01t02","A major, A minor, C major, C minor, C# minor, Db major, F major, F minor, G minor","10.402539683, 83.220317461, 91.393741496, 10.402539682, 0, 2.229115647, 17.832925169, 2.229115646, 2.972154195","A, A7, Am, Am7, C, C/E, C6, Cmaj7, D6, D7/F#, E, Em, Em7, Emaj7, F, F/G, Fmaj7, G","5.66566893500003, 1.81115646200001, 8.916462585, 12.863854874, 42.260317459, 2.229115646, 24.845351473, 11.238458049, 4.22603174599999, 3.947392291, 1.160997732, 17.322086168, 6.733786849, 1.20743764100001, 31.207619049, 1.439637188, 13.281814061, 23.034195012",121.219310344828
"39","guster2007-07-08t02","Bb major, C major, C minor, Db major, E minor, F major, G major, G minor","2.229115646, 115.170975057, 66.130430837, 1.486077098, 0, 28.235464853, 2.22911564699999, 4.45823129200002","A, Am, Am7, Bbmaj7, C, C/E, C6, Cm, Cmaj7, D, D6, Dm6, Dm7, E, Em, Em7, F, F#dim7, F#m7, F6, Fmaj7, G, G6, Gmaj7","1.53251700700001, 5.75854875200002, 17.693605441, 2.13623582699998, 47.322267572, 2.693514739, 14.721451246, 2.08979591900001, 13.188934241, 1.207437642, 0.417959182999994, 0.325079364999993, 1.904036281, 9.00934240300001, 8.31274376499995, 14.396371882, 38.8702040820001, 1.67183673500003, 7.10530612199997, 3.25079365200003, 1.71827664400001, 25.959909299, 1.114557824, 1.207437642",124.897041666667
"40","guster2007-07-28d1t02","A minor, Bb major, C major, C minor, Db major, E major, E minor, Eb / D# minor, Eb major, F minor, F# / Gb major, G major","78.019047619, 1.48607709699999, 109.226666667, 17.83292517, 0.743038548000001, 2.229115646, 0.743038548999976, 0, 8.916462585, 14.117732427, 2.972154195, 5.201269841","A, Am, Am7, Amaj7, B7/D#, Bbmaj7, C, C6, Cmaj7, D6, Dm6, E7, E7/G#, Ebmaj7, Em, Emaj7, F, F/G, Fdim7, Fmaj7, G, G6, G7","1.39319727899999, 12.167256237, 5.387029479, 1.67183673500001, 0.603718820999987, 1.532517007, 44.21079365, 22.894875284, 19.644081634, 0.325079365000008, 0.464399092999997, 1.25387755099999, 0.371519274999997, 1.85759637200002, 21.03727891, 2.368435374, 30.046621315, 1.764716553, 1.25387755100002, 10.681179138, 18.901043083, 0.371519274000001, 5.66566893400001",120.805363636364
"41","guster2007-09-07d1t08","A minor, C major, C minor, D major, D minor, Db major, F major, F# / Gb major","4.45823129399997, 91.393741497, 53.498775509, 0, 14.117732426, 2.229115646, 39.381043083, 10.402539683","Am, Am7, Bdim7, Bm, C, C/E, C6, Cm, Cmaj7, Em, Em7, Emaj7, F, F6, Fmaj7, G, Gm7","14.953650795, 24.42739229, 15.88244898, 3.39011337899998, 45.929070295, 0.975238095000002, 15.836009071, 4.179591836, 4.736870747, 7.24462584999999, 8.82358276600003, 1.625396825, 31.346938778, 2.69351473799999, 9.42730158699997, 22.012517007, 1.48607709800001",137.32768
"42","guster2007-09-08d1t01","A minor, B major, Bb major, C major, C minor, C# minor, D minor, F major, F minor, F# / Gb major, F# minor, G major, G minor","11.145578231, 5.944308389, 1.486077098, 73.560816327, 28.235464853, 3.71519274299999, 1.48607709800001, 48.297505669, 14.860770974, 4.458231293, 2.229115646, 39.381043084, 17.83292517","Am, Am7, C, C6, Cm6, Cmaj7, D6, D7/F#, Dmaj7, Em, Em7, F, F/G, F6, Fmaj7, G, Gmaj7","21.640997734, 2.043356009, 50.851700682, 35.5265306130001, 3.575873016, 14.860770975, 0.510839003000001, 0.557278912000001, 3.76163265300002, 7.10530612199999, 13.18893424, 15.232290248, 2.55419501, 2.73995464800004, 4.31891156399999, 20.479999999, 5.9907483",143.911794117647
"43","guster2007-10-05t02","A major, A minor, C major, C minor, E minor, F minor, G major","1.48607709799998, 80.248163265, 94.365895691, 18.575963719, 30.464580499, 2.972154195, 2.972154195","Am, Am7, C, C6, Cmaj7, D6, Ddim7, Dm6, Dm7, Eaug, Em, F, F/G, Fmaj7, G, Gmaj7","13.699773243, 14.535691607, 44.675192743, 9.79882086099997, 25.495510206, 0.371519273999994, 0.510839001999997, 1.34675737000001, 1.764716554, 0.975238095000002, 23.080634922, 21.455238094, 8.03410430699999, 9.56662131699997, 23.637913834, 4.17959183599999",160.826321428571
"44","guster2007-10-06d1t02","A minor, C major, C minor, E minor, F major, G major, G minor","16.346848073, 87.678548751, 44.582312922, 3.71519274399998, 25.263310659, 29.721541952, 6.68734693900001","A, A7, Am, Am7, C, C6, Cmaj7, Em, Em7, F, F/G, F6, Fmaj7, G","2.97215419499999, 0.603718821000001, 9.24154194999999, 12.120816326, 39.566802721, 12.863854875, 29.814421771, 24.706031746, 2.69351473900002, 33.018775506, 3.62231292599999, 1.81115646299997, 5.38702947900001, 25.402630387",121.115666666667
"45","guster20070908t01","A minor, B major, Bb major, C major, C# minor, E minor, F major, F minor, F# minor, G major, G# minor","101.053242631, 2.229115646, 0, 90.650702949, 16.346848072, 5.20126983999998, 3.71519274400001, 7.430385487, 1.486077098, 11.88861678, 2.229115646","Am, Am7, Bmaj7, C, C/E, C6, Cmaj7, E/B, Em, Em7, F, F/C, Fmaj7, G, G6","34.458412696, 4.50467120100004, 3.29723356, 44.210793652, 1.160997733, 22.7555555579999, 15.139410432, 1.346757369, 11.052698413, 8.31274376400002, 20.9443990919999, 1.53251700599999, 17.554285714, 17.22920635, 4.133151927",121.121932432432
"46","guster2008-01-28d1t01","(unknown), A major, A minor, C major, E major, E minor, F major, F minor, F# / Gb major, G# minor","0.743038548, 1.48607709800001, 40.124081633, 157.524172335, 7.43038548699999, 8.91646258499998, 5.94430839, 5.20126984199999, 2.972154195, 8.916462585","Ab, Abm6, Am, C, C/D, C6, C7/E, Caug, Cm6, Cmaj7, D, Dm7, E, Eaug, Ebmaj7, Em, F, F/C, Fm, Fmaj7, G","0.789478458, 4.179591837, 36.269569161, 48.947664398, 0.650158730000001, 21.408798187, 0.789478457999991, 1.160997732, 0.835918367000005, 16.068208616, 0.510839002000012, 1.811156462, 0.789478457999998, 1.95047619099998, 2.368435375, 16.486167801, 24.473832198, 7.52326530699997, 0.510839003000001, 1.43963718800001, 21.919637189",138.062875
"47","guster2009-04-04t02","B major, C major, C minor, C# minor, E major","9.65950113300002, 181.301405894, 26.749387756, 0, 2.22911564699999","A, A/E, Am, Am7, C, C6, Cmaj7, D6, Ddim7/C, E7, Em, Em7, F, F/G, F#dim7/E, F6, F7, Fmaj7, G, G7/B","1.53251700600001, 2.832834467, 9.79882086300001, 4.50467120199999, 74.303854878, 4.78331065800001, 11.470657596, 0.510839003000001, 4.22603174599999, 1.81115646200001, 25.959909297, 2.693514739, 22.894875282, 1.53251700600001, 2.275555556, 2.08979591900001, 1.85759637199999, 8.17342403599997, 24.520272107, 0.417959183999983",111.427216666667
"48","guster2009-05-02d1t01","A minor, Ab major, B major, B minor, Bb minor, C major, C minor, C# minor, Db major, E major, E minor, Eb / D# minor, F major, F minor, F# / Gb major, G major, G minor, G# minor","36.40888889, 2.22911564600001, 8.17342403599996, 5.94430839, 5.201269841, 125.573514739, 9.659501133, 6.687346939, 4.45823129299998, 12.631655329, 19.319002266, 9.65950113400001, 6.68734693899998, 0.743038549000005, 8.17342403600003, 12.631655329, 2.22911564600003, 6.687346939","Ab7, Am, Am7, Amaj7, C, C/E, C/G, C6, Cm, Cmaj7, D6, E, E7/G#, Eaug, Em, Em7, Emaj7, F, F/G, Fmaj7, G, G6","1.160997732, 26.842267572, 5.99074829899996, 5.108390023, 75.7434920669999, 3.15791383200001, 0.557278912000001, 2.50775510199998, 2.739954649, 8.40562358200003, 0.835918367000005, 1.99691609999999, 1.671836735, 1.021678005, 20.154920637, 1.068117914, 2.414875284, 13.328253967, 4.31891156399999, 18.158004537, 21.733877548, 0.603718821000001",143.994565217391
"49","guster2009-06-20d1t01","A minor, Ab major, C major, C minor, E minor, F major, F minor, F# minor, G major, G minor","23.77723356, 0.743038547999987, 104.025396826, 11.888616781, 53.49877551, 5.94430838999998, 14.860770975, 11.145578232, 39.381043084, 4.458231291","Ab7/C, Adim7/G, Am, Am7, Amaj7, B, B/F#, Bb7, Bbm7, Bbmaj7, Bmaj7, C, C#maj7, C6, Cmaj7, E/B, Ebdim7, Em, Emaj7, F, F/C, F/G, Fm, Fmaj7, G, G7, Gdim7, Gm7","1.486077097, 2.22911564600003, 5.66566893300003, 18.947482996, 4.272471655, 0.603718820000012, 0.743038549000005, 0.510839003000001, 2.136235827, 4.59755102, 0.464399092999997, 59.489523808, 0.603718821000001, 47.182947846, 15.696689342, 1.53251700600001, 1.207437642, 23.08063492, 0.464399092999997, 15.092970521, 1.81115646200001, 6.130068028, 1.439637189, 7.29106576000001, 24.3809523819999, 0.371519274999997, 2.600634921, 1.34675736899999",138.349068181818
"50","guster2009-06-20t01","Ab major, Bb major, C major, Db major, E major, E minor, F major, G major","11.145578231, 0, 119.62920635, 2.972154195, 4.45823129300001, 72.817777778, 9.65950113300001, 25.263310657","A, Abmaj7, Am, Am7, B/F#, Bb6, Bb7, Bbdim7, C, C/E, C/G, C6, C7/E, Cmaj7, E/D, Ebdim7/Db, Edim7, Edim7/D, Em, Emaj7, F, F/G, F#dim7, F#maj7, Fmaj7, G, G6, Gm, Gm6, Gmaj7","2.41487528399998, 1.114557824, 22.337596373, 13.885532879, 0.789478457999991, 3.15791383200002, 1.57895691600001, 6.222947846, 60.464761904, 1.207437641, 2.73995464800001, 21.037278911, 1.764716553, 7.98766439999999, 0.696598639999991, 1.11455782299998, 0.371519274000008, 1.904036281, 24.613151928, 0.603718819999997, 10.495419502, 9.24154194999999, 2.27555555500001, 1.904036281, 13.467573696, 13.699773243, 3.575873016, 1.48607709699999, 2.507755102, 6.78022675799999",130.039725
"51","guster2009-07-04t02","A minor, C major, C minor, E minor","8.173424036, 191.703945578, 3.71519274400001, 2.229115646","A, Am, Am7, B, C, C/E, C/G, Cmaj7, E, Em, Em7, F, Fmaj7, G, G6","5.619229025, 9.38086167800002, 12.863854875, 1.532517007, 65.062312928, 0.975238094999995, 0.464399092999997, 11.145578231, 0.835918367000001, 22.523356008, 1.02167800399999, 36.826848072, 7.33750566899998, 24.566712019, 0.975238094999998",108.9676
"52","Guster2009-07-25_MG270_16-44T01","Ab major, C major, C minor, D minor, Eb / D# minor, G major, G# minor","1.48607709799998, 200.620408163, 20.062040816, 0, 0.743038549000005, 5.201269841, 8.916462585","A/B, Am, Am7, Bmaj7, C, C/E, Cmaj7, Em, F, F/C, F/G, Fmaj7, G, G6, Gm6","2.32199546500001, 12.492335601, 20.154920634, 4.783310658, 100.170884356, 1.16099773299999, 4.82975056799999, 23.266394556, 10.356099773, 1.90403628200002, 3.15791383099999, 9.05578231400003, 22.569795918, 3.065034013, 0.557278910999997",133.755615384615
"53","guster2009-07-25.akg463-v3.d1t01","A minor, B major, B minor, Bb major, C major, C minor, D minor, F major, G major, G minor","13.374693878, 2.229115646, 6.687346938, 11.145578231, 60.929160997, 28.235464853, 1.486077098, 56.470929705, 46.068390024, 20.062040815","A, Adim7/G, Am, Am6, Am7, B7/D#, C, C/E, C6, Cmaj7, D6, Dm6, Dmaj7, E, Em, F, F/G, Fmaj7, G, G6, Gaug, Gm6, Gmaj7","1.48607709800001, 2.972154195, 5.20126984100001, 1.99691610000001, 13.792653062, 0.603718821000001, 27.028027207, 0.975238095000002, 19.040362812, 57.5390476189999, 0.417959183999983, 1.811156463, 2.925714285, 1.30031746, 22.38403628, 30.139501136, 3.20435374099999, 4.92263038599998, 22.662675738, 0.510839003000001, 1.671836734, 2.229115646, 2.136235828",155.071058823529
"54","guster2009-07-25t01","A major, A minor, Ab major, Bb minor, C major, C minor, D minor, Db major, F major, G major","17.089886622, 69.845623583, 0.743038547999987, 5.201269841, 72.074739229, 27.492426303, 2.972154195, 4.45823129300001, 2.229115646, 49.783582767","A/B, Adim7, Am, Am7, Bdim7, Bm6, Bm7, Bmaj7, C, C/E, C#dim7/B, C6, Cm, Cmaj7, D/A, E, Em, Em7, F, F/G, Fm, Fmaj7, G, G7/B, Gmaj7","10.309659864, 1.253877551, 37.244807254, 5.85142857000002, 7.337505669, 2.136235828, 3.66875283500001, 4.41179138300001, 69.4276644, 1.114557823, 4.13315192799999, 12.863854876, 2.275555556, 1.25387755099999, 0.743038549000005, 0.417959184000011, 12.445895692, 4.41179138400003, 27.631746032, 1.43963718799999, 0.928798186000009, 10.077460318, 3.854512472, 5.94430839, 18.668843536",163.920424242424
"55","guster2009-07-25t02","A minor, Ab major, Bb major, C major, C minor, D minor, Db major, E minor, F major, G major","45.325351473, 1.48607709799998, 8.916462585, 104.768435375, 14.860770975, 0, 2.972154195, 1.48607709800001, 40.124081632, 7.430385487","A/B, Am, Am7, Bb, Bbmaj7, Bdim7/A, Bm6, Bm7, C, C/E, C6, Cmaj7, E, E/B, E7/G#, Em, Em7, F, Fmaj7, G, G/F","2.78639455800001, 22.476916098, 17.879365079, 1.16099773300002, 1.57895691600001, 1.71827664400001, 1.625396825, 1.20743764099998, 45.093151928, 2.04335600799999, 6.96598639499999, 14.349931971, 0.464399092999997, 1.43963718800001, 0.371519274999997, 15.418049887, 3.204353742, 38.591564629, 5.43346938799999, 28.746303856, 0.696598639000001",139.32124
"56","guster2009-07-26t01","A major, A minor, Ab major, Bb major, C minor, C# minor, D major, Db major, E major, E minor, F major, F minor, F# / Gb major, G major, G minor","3.71519274400003, 14.117732426, 35.66585034, 6.687346938, 33.436734694, 11.88861678, 0, 54.984852607, 1.48607709699996, 1.48607709800001, 17.089886621, 2.972154195, 8.91646258600001, 57.957006803, 11.88861678","Ab/Gb, Ab7/C, Abdim7/Gb, Am, Am7, Amaj7, B/F#, C, C/E, C/G, C6, Cdim7, Cmaj7, D7/F#, Dmaj7, E, Em, F, F#, F#7, F#dim7, F#m7, F#maj7, Fm, Fmaj7, G, G/A, G6, Gmaj7","0.603718821000001, 1.99691609999999, 8.034104308, 14.582131519, 28.096145127, 1.253877551, 2.27555555500004, 77.46176871, 1.207437641, 0.557278910999997, 17.275646259, 0.835918368, 12.817414966, 2.41487528400002, 1.85759637199999, 1.253877551, 19.7369614500001, 9.752380952, 6.037188208, 1.30031746, 2.69351473900002, 9.14866213099998, 4.365351473, 2.18267573599999, 12.399455782, 7.337505669, 3.854512471, 0.743038548999991, 11.93505669",124.744111538462
"57","guster2009-07-26t02","A minor, Ab major, C major, C minor, C# minor, D major, Db major, F major, F minor, F# minor, G major","5.201269841, 1.486077097, 83.963356009, 30.464580499, 1.486077098, 4.45823129199999, 79.505124717, 20.062040817, 11.888616779, 8.916462585, 2.972154195","A7, Abaug, Am, Am7, B7, C, C/E, C6, Cdim7, Cmaj7, D6, Daug, E7, Eb6, Ebm6, Em, F, Fmaj7, G, G/A, G/D, G6, Gmaj7","4.829750566, 0.835918367999998, 13.7926530630001, 16.207528345, 0.417959182999994, 88.003628121, 3.34367347, 10.681179138, 1.43963718800001, 7.15174603200001, 0.696598639000001, 0.882358277000009, 0.928798185999995, 0.278639455000018, 0.278639455999979, 18.5759637169999, 23.266394557, 10.309659863, 12.53877551, 2.043356009, 1.532517007, 0.650158729999987, 11.795736961",127.82385
"58","guster2009-08-07d1t01","A minor, B major, C major, C minor, D minor, E major, E minor, Eb / D# minor, F major, F# / Gb major, G major, G minor, G# minor","58.700045353, 2.229115646, 82.477278912, 0.743038549000005, 14.117732425, 3.715192744, 8.17342403499999, 13.374693877, 5.94430839, 5.94430838999999, 38.638004536, 11.88861678, 2.972154195","A, A7, Am, Am7, C, C6, C7, Cmaj7, Em, F, F/G, F#m, Fm, Fmaj7, G, Gmaj7","3.85451247099999, 1.85759637200002, 21.966077098, 13.096054421, 41.099319727, 39.984761906, 4.55111111100001, 11.609977324, 16.021768708, 10.681179139, 7.244625851, 2.08979591899998, 1.764716553, 14.117732425, 7.47682539700001, 14.814331066",139.223185185185
"59","guster2009-08-08d1t01","A minor, Ab major, B major, Bb major, C major, E major, E minor, F major, G major","24.520272109, 0.743038548999998, 0.743038549000005, 9.659501134, 112.941859409, 0, 60.186122448, 0.743038549000005, 28.978503402","Abmaj7, Am, Am7, B7/D#, Bdim7, C, C/E, C#aug, C6, Cdim7, Cmaj7, Dm7, Em, Em7, Emaj7, F, F/C, Fmaj7, G, G6, Gaug, Gmaj7","0.928798185999995, 18.436643991, 6.501587302, 1.16099773300002, 1.11455782300001, 53.313015874, 0.975238094999995, 0.789478457999991, 23.684353741, 0.743038549000005, 23.034195012, 0.510839001999997, 16.068208617, 4.736870748, 5.06195011299999, 12.492335597, 4.17959183699999, 15.371609978, 16.950566895, 0.510839001999983, 0.882358276000019, 8.96290249399999",117.72528
"60","Guster2009-10-28d1t14","A minor, Ab major, C major, C minor, Db major, E minor, F major, G major","13.374693878, 2.972154195, 84.706394558, 27.492426303, 2.972154195, 10.402539682, 8.91646258399999, 46.068390024","A, Abmaj7, Adim7/G, Am, Am7, B7/D#, C, C/E, C6, C7/E, Cm, Cm6, Cmaj7, Em, Em7, F, F6, F7, Fmaj7, G, G/A, Gaug, Gmaj7","2.089795919, 0.417959183999983, 1.253877551, 4.13315192799998, 30.185941042, 0.464399092999997, 48.158185941, 1.114557823, 26.517188208, 2.55419501200001, 6.965986395, 9.38086167800002, 3.993832199, 8.96290249500001, 9.79882086199999, 15.78956916, 1.34675737, 2.18267573599999, 0.510839001999983, 9.938140589, 1.857596372, 1.95047619099999, 6.40870748399999",127.708333333333
"61","guster2009-10-29d1t01","A major, A minor, B major, Bb major, Bb minor, C major, C minor, C# minor, Db major, E minor, F major","15.603809525, 15.603809524, 6.687346939, 2.229115646, 0.743038548, 166.440634921, 15.603809524, 3.71519274299999, 8.17342403599997, 11.88861678, 9.65950113299999","A, A7, A7/C#, Am, Am7, Bbdim7/Ab, C, C/E, C6, Cmaj7, Em, Emaj7, F, F#, F#m, F#maj7, Fmaj7, G","5.572789116, 1.48607709799998, 1.068117914, 12.353015872, 24.845351477, 3.15791383200002, 68.3131065740001, 2.507755102, 12.306575964, 6.45514739199999, 17.043446712, 0.557278911999987, 24.288072561, 1.160997732, 6.315827665, 5.108390023, 12.120816327, 22.709115645",142.59911875
"62","guster2009-10-30d1t08","A minor, Ab major, B major, Bb major, C major, C minor, D minor, Eb / D# minor, Eb major, F major","28.978503401, 18.575963719, 0.743038549000005, 1.48607709800001, 127.059591836, 29.72154195, 2.229115646, 9.65950113299999, 5.94430839, 17.089886622","Am, Am7, B7/D#, C, C/E, C/G, C6, Cm, Cmaj7, D, Em, Em7, F, F/G, F#maj7, F7, Fdim7, Fmaj7, G, Gm, Gmaj7","18.715283445, 3.900952382, 0.557278910999997, 41.749478457, 1.950476191, 2.136235828, 25.541950112, 6.17650793599999, 2.136235827, 2.64707483000001, 9.33442176999996, 9.380861677, 21.919637189, 6.50158730099999, 2.36843537500002, 2.414875284, 2.64707483000001, 21.548117914, 21.130158732, 0.557278910999997, 4.133151928",130.895090909091
"63","guster2009-10-30d1t09","A major, A minor, Bb minor, C major, C minor, C# minor, D minor, Eb / D# minor, F major, F minor, G major, G minor","1.48607709700002, 47.55446712, 5.94430838999997, 130.77478458, 17.83292517, 0, 11.888616781, 1.48607709700002, 16.346848072, 2.22911564699999, 2.22911564699999, 4.45823129200002","A, A7, Am, Am7, Bbmaj7, C, C/E, C#7, C6, C7, Cdim7, Cmaj7, D, Eb/Bb, Ebaug, Ebdim7/Db, Ebmaj7, Em, Em7, Emaj7, F, F/G, F#, F7, Fdim7, Fmaj7, G, Gmaj7","1.114557823, 1.532517007, 27.538866213, 6.45514739299999, 1.068117914, 40.6813605429999, 1.90403628000001, 1.16099773300002, 18.901043084, 1.16099773299999, 0.789478458000019, 8.26630385399999, 2.64707483000001, 0.928798185999995, 0.603718821000001, 1.48607709699999, 1.95047618999999, 9.659501134, 7.56970521400002, 0.928798185999995, 27.028027212, 7.56970521700003, 1.25387755100002, 3.11147392399997, 2.55419501099999, 15.371609977, 16.300408164, 9.65950113400001",147.280137931034
"64","guster2009-10-31d1t13","A minor, Ab major, B major, C major, C minor, Db major, E major, F major, F# / Gb major, G major","19.319002267, 8.173424035, 1.48607709699999, 124.087437642, 19.319002268, 8.173424037, 1.48607709700002, 27.492426304, 4.45823129299998, 2.972154195","Am, Am7, B7/D#, C, C/E, C6, Cdim7, Cmaj7, E7, Em, Em7, F, F/C, F/G, Fmaj7, G","20.294240365, 5.71210884400001, 0.417959184000011, 40.82068027, 3.29723356000001, 23.77723356, 2.08979591799999, 14.071292517, 0.696598639999991, 14.582131521, 2.55419501099999, 33.947573697, 5.89786847900001, 2.13623582700001, 3.57587301499998, 23.637913832",139.09128
"65","guster2009-11-06t02","A major, A minor, C major, C minor, D minor, E minor, F major, F minor, G major","7.430385487, 26.006349206, 138.948208616, 5.94430839000002, 12.63165533, 9.65950113400001, 31.950657596, 4.45823129199999, 2.22911564699999","A, A6, Ab, Am, Am7, B7, C, C6, C7/E, Cm, Cmaj7, E, Em, F, F/C, F/G, Fmaj7, G","3.436553288, 3.76163265299999, 1.068117914, 21.0372789100001, 9.89170067899999, 0.510839001999983, 50.758820863, 28.235464851, 0.882358275999991, 2.368435374, 8.35918367399996, 2.41487528499999, 17.786485263, 31.114739228, 1.95047619100001, 1.718276644, 4.040272109, 25.031111111",110.378156756757
"66","guster2009-11-07d1t01","A minor, B major, C major, C minor, D minor, E minor, Eb major, F major, F minor, G major","2.972154195, 2.972154195, 80.991201813, 48.297505669, 11.14557823, 22.291156464, 0, 53.498775511, 14.117732427, 20.805079364","Ab/Eb, Am, Am7, Amaj7, Bb6, C, C#6, C6, C7, Cmaj7, D/C, Edim7/D, Em, F, F/G, F#maj7, Fm, Fmaj7, G, Gmaj7","0.789478458000019, 3.85451247099999, 23.219954647, 4.45823129399997, 1.904036281, 76.115011337, 5.247709751, 25.959909297, 4.17959183599999, 3.668752834, 2.69351473899999, 1.43963718799998, 18.993922901, 16.579047623, 3.018594104, 1.99691610000002, 0.928798185999995, 10.170340136, 12.724535148, 10.820498866",124.382882352941
"67","guster2009-11-27t12","A minor, C major, C minor, F major","72.074739229, 92.136780044, 41.610158731, 0","A, Am, Am7, B/F#, C, C6, Cmaj7, Ddim7/C, Em, Em7, Emaj7, F, Fmaj7, G","1.904036281, 9.70594104199998, 8.77714285500003, 0.975238096000027, 51.641179137, 27.538866214, 16.904126986, 0.325079364999993, 17.554285713, 2.925714285, 1.25387755099999, 16.346848075, 15.418049886, 23.684353743",131.451882352941
"68","guster2009-11-28d1t01","A minor, Ab major, B major, Bb minor, C major, C minor, E minor, Eb / D# minor, Eb major, F major, F minor, F# / Gb major","71.33170068, 2.22911564700001, 0.743038548999998, 5.201269842, 101.05324263, 34.179773243, 5.94430839000001, 4.458231293, 6.687346939, 5.94430838999997, 6.687346938, 20.062040815","Abmaj7, Am, Am7, Amaj7, B, B7, Bb/F, Bbmaj7, Bm7, C, C6, Caug, Cdim7, Cm7, Cmaj7, D7, Dm, Em, Em7, Emaj7, F, F/C, F6, F7, Fm6, Fmaj7, G, G6, G7, Gdim7/F, Gm, Gmaj7","1.81115646199999, 19.690521542, 2.414875283, 1.625396825, 2.13623582700001, 1.48607709800001, 1.06811791300001, 1.114557824, 0.557278911999987, 46.950748297, 40.30984127, 1.160997733, 2.04335600900001, 3.204353741, 10.309659863, 0.464399092999997, 3.15791383300001, 11.052698411, 7.10530612199997, 0.557278910999997, 23.034195013, 1.11455782399997, 1.99691609999999, 1.48607709699996, 0.835918367000001, 7.47682539799999, 17.925804989, 1.021678005, 0.557278911000026, 0.975238095000002, 0.510839002000012, 5.47990929800001",136.328073170732
"69","Guster2009.07.25mg200t01","A minor, B major, Bb major, Bb minor, C major, C minor, E minor, F major, F minor, G major","49.040544217, 10.402539682, 8.17342403700001, 3.715192743, 101.796281179, 11.145578231, 8.91646258600002, 34.179773244, 16.346848072, 0.743038547999987","A, A6, Adim7/G, Am, Am7, Bb, C, C/E, C#7, C6, Cmaj7, D6, Ebdim7, Em, Em7, F, Fmaj7, G, G6","0.743038549000005, 0.835918366999977, 2.55419501100002, 28.32834467, 6.22294784599998, 1.207437642, 61.161360546, 1.114557823, 0.789478458000019, 12.4458956909999, 11.517097506, 0.417959184000011, 2.136235828, 23.591473923, 0.510839002000012, 35.805170069, 7.29106575900002, 22.43047619, 4.643990929",115.896182758621
"70","guster2010-04-14d1t01","A minor, Ab major, B major, C major, C minor, Db major, E major, E minor, F major, F minor, F# / Gb major, F# minor, G major, G minor","8.916462585, 35.665850341, 20.805079365, 5.94430839, 25.263310658, 4.458231292, 0.743038547999987, 0, 77.276009071, 28.235464852, 2.229115646, 2.972154194, 2.972154195, 34.179773243","Ab7/C, Am, Am6, Am7, B/F#, Bb, Bbdim7/Ab, Bdim7/A, Bmaj7, C, C6, C7, Cm, Cm7, Cmaj7, Dm6, E, Em, Em7, F, F/G, F6, F7, Fm, Fmaj7, G, G6, Gdim7, Gm, Gmaj7","1.671836735, 5.619229025, 1.439637188, 20.990839003, 1.25387755100002, 1.160997732, 0.557278910999997, 1.57895691599998, 1.67183673400001, 63.0189569170001, 14.628571428, 3.529433107, 4.45823129099998, 2.554195012, 13.699773242, 0.557278910999997, 7.569705215, 13.096054423, 3.668752834, 17.554285714, 6.362267574, 1.160997733, 1.76471655399999, 1.021678005, 7.15174603199999, 17.043446712, 0.510839003000001, 1.625396825, 2.461315193, 4.690430839",136.56828125
"71","guster2010-07-31t02","A major, A minor, Ab major, Bb major, C major, C minor, Db major, E major, E minor, Eb / D# minor, Eb major, F minor, G major, G minor, G# minor","11.88861678, 18.575963719, 4.45823129199999, 7.43038548800001, 96.595011338, 36.408888888, 9.659501134, 2.22911564600003, 19.319002268, 1.486077098, 12.631655329, 2.229115646, 15.603809524, 0, 0.743038548","A/B, Aaug, Abm, Abm6, Abmaj7, Adim7, Am7, Amaj7, B7, Baug, Bbm7, Bbmaj7, Bdim7, Bmaj7, C#dim7/B, Ebmaj7, Em, Emaj7, F, F/A, F#m, F#m6, F7, F7/A, Fdim7, Fm7, G, G7/B, Gaug, Gdim7/F","1.25387755099999, 1.578956916, 2.229115647, 0.882358275999998, 62.693877553, 38.498684807, 6.64090702999999, 12.863854874, 8.823582767, 1.160997732, 9.61306122400001, 2.60063491999999, 1.48607709800001, 3.34367346900001, 1.11455782300001, 2.32199546499999, 1.99691610000001, 2.229115646, 4.45823129199999, 2.925714285, 2.13623582699999, 1.764716553, 11.377777778, 12.120816328, 4.55111111100003, 2.879274376, 0.510839003000001, 1.532517007, 3.29723356, 1.48607709699999",133.139405128205
"72","guster2010-08-01t01","A major, Ab major, Bb major, C major, C minor, E minor, Eb major, F minor, G major, G minor","0.743038548999998, 62.415238097, 6.687346939, 13.374693877, 2.229115646, 8.91646258400002, 4.458231292, 8.916462585, 102.539319728, 43.839274376","A7, Abm, Abmaj7, Adim7, Am, Am7, Amaj7, Bdim7/A, C, C6, C7, Cm, Cm6, Cmaj7, Dm6, E, E7, Eb6, Ebaug, Ebmaj7, Em, Em6, Em7, Emaj7, F, F7, F7/A, G, Gaug","3.94739229, 1.114557823, 22.941315193, 24.148752834, 1.81115646200001, 24.288072562, 7.66258503499998, 1.671836735, 14.814331067, 24.380952381, 1.578956916, 5.01551020400001, 10.170340135, 3.20435374100001, 2.507755102, 2.55419501099999, 7.43038548800001, 2.786394558, 2.04335600899999, 8.59138322, 6.59446712, 1.11455782300001, 4.133151928, 5.66566893400001, 3.575873016, 2.368435375, 1.207437642, 10.356099773, 5.01551020399999",143.073657142857
"73","guster2010-09-12t02","A minor, C major, C minor, D major, E minor, Eb major, F major, F minor","6.68734693799999, 159.010249431, 14.860770976, 0, 29.721541951, 7.43038548800001, 12.631655329, 5.94430838999997","A, A/B, A7, Am, Am7, Amaj7, B/F#, C, C6, Cmaj7, D, Dm6, Dmaj7, Em, Em7, F, Fmaj7, G, G/A, G/F, G6, G7/B, Gmaj7","3.34367346900001, 1.43963718800001, 0.928798185999995, 14.953650792, 20.201360545, 3.900952381, 0.882358276000019, 41.749478458, 7.47682539600001, 31.857777778, 2.83283446699998, 2.64707483000001, 1.904036281, 15.882448981, 9.75238095199997, 6.780226757, 21.733877553, 19.179682539, 0.557278910999997, 0.510839002000012, 3.71519274400001, 3.808072563, 4.31891156500001",110.548416129032
"74","guster2010-10-06t06","A major, Bb major, C major, C minor, C# minor, D major, D minor, F major, F minor, F# / Gb major, F# minor, G major, G minor","2.22911564699999, 2.22911564600003, 185.016598639, 32.693696145, 18.575963718, 6.68734693900001, 15.6038095239999, 1.48607709700002, 1.48607709799998, 8.916462585, 0, 2.22911564700001, 19.319002267","A, Adim7, Am, Am7, Bbm6, C, C/Bb, C/E, C/G, C7/E, Cdim7, Cdim7/Bb, Cmaj7, D7, E, Ebmaj7, Edim7, Em, F, F#/A#, F#7/A#, F#maj7, Fmaj7, G","0.789478458000019, 2.368435374, 9.47374149699998, 18.018684808, 2.368435374, 96.084172335, 3.85451247099999, 2.321995464, 3.15791383200002, 0.557278910999997, 2.46131519299996, 1.39319727899999, 4.45823129299995, 1.160997732, 1.53251700699997, 0.835918366999977, 5.94430838900001, 23.452154195, 12.724535149, 0.603718821000029, 1.81115646300003, 1.48607709699999, 14.860770975, 22.337596372",137.613357142857
"75","guster2010-10-27d2t03","A minor, C major, C minor, Db major, E minor, F major, G major","24.520272109, 92.136780045, 35.665850339, 7.43038548800001, 9.65950113400001, 26.006349206, 13.374693878","A, Am, Am6, Am7, B7, Bm7, C, C/E, C6, Dm6, Em, Em7, F, F/C, F6, Fmaj7, G, Gmaj7","4.22603174599999, 19.272562357, 4.41179138299999, 7.430385487, 1.20743764100003, 3.48299319699998, 81.084081634, 2.04335600900001, 20.433560092, 0.371519274000001, 9.28798186, 0.510839002000012, 15.371609976, 5.572789116, 1.71827664400001, 3.62231292599998, 13.885532879, 9.84526077199997",129.591166666667
"76","guster2010-10-29d2t02","A minor, Ab major, C major, C minor, Db major, E minor, G major","10.402539683, 9.65950113299999, 116.657052154, 14.860770975, 12.631655329, 1.48607709700002, 45.325351474","A, A6, Am, Am6, Am7, C, C/E, C/G, C6, C7, Cmaj7, Em, F, F/C, F#dim7/E, F6, F7, Fmaj7, G, Gmaj7","1.718276644, 1.43963718800001, 6.13006802600002, 1.43963718900001, 14.628571431, 74.210975057, 1.160997733, 0.510839001999997, 7.616145124, 1.57895691600001, 10.123900227, 19.458321995, 21.269478458, 1.857596372, 3.62231292600001, 0.975238095000009, 1.764716553, 7.476825396, 12.399455782, 13.003174602",125.6553
"77","guster2010-10-30d1t01","A major, A minor, B major, C major, C minor, C# minor, Db major, E minor, Eb / D# minor, F minor, F# / Gb major, G major","1.486077098, 0.743038549, 2.229115646, 49.783582767, 46.068390022, 8.173424035, 5.94430838999995, 33.436734693, 14.860770975, 2.972154195, 24.520272109, 83.96335601","A6, A7, Am, Am6, Am7, Amaj7, C, C/E, C6, Cmaj7, Eb7, Em, F, F/G, F#dim7, F#maj7, F7, F7/A, Fmaj7, G, Gmaj7","3.43655328700001, 2.879274377, 8.49850340099999, 6.501587301, 4.27247165599998, 2.693514739, 64.458594104, 2.32199546500001, 28.606984129, 4.736870748, 1.811156463, 15.650249434, 19.319002267, 1.57895691600001, 0.464399092999997, 1.16099773299999, 2.18267573700001, 2.414875283, 14.675011338, 14.024852607, 15.836009069",131.482
"78","guster20100414t01","A minor, Ab major, B major, C major, C minor, Db major, E major, E minor, F major, F minor, F# minor, G major","15.603809524, 22.291156462, 0.743038549000005, 133.003900226, 7.43038548799999, 8.17342403699999, 0, 15.603809524, 2.229115647, 8.17342403599999, 1.486077097, 20.805079364","Am, Am7, C, C/E, C6, C7, C7/E, Cm, Cmaj7, D/E, D6, Ddim7/C, E, Em, Em7, Emaj7, F, F7, Fmaj7, G, Gaug","7.75546485100003, 20.990839001, 80.155283447, 2.507755102, 5.94430839100001, 5.29414966, 3.90095238100002, 2.69351474000001, 10.634739228, 1.114557823, 0.464399092999997, 2.461315193, 8.823582767, 14.721451248, 3.62231292600001, 2.60063492, 10.63473923, 3.06503401399999, 13.7462131509999, 22.198276645, 1.90403628099999",108.799276666667
"79","guster2011-01-29d2t12","Ab major, B major, C major, C minor, C# minor, Db major, E minor, F major, F# / Gb major, G major, G minor","2.22911564500004, 14.860770975, 48.297505669, 62.415238094, 10.402539683, 16.346848073, 5.201269841, 89.9076644, 0, 17.83292517, 15.603809524","A, A/B, A7, Am7, B, Bm6, Bmaj7, C, C#6, C#dim7/B, C6, Cmaj7, Ebm7, Em, Em7, F, F/C, F#maj7, F6, Faug, G, G7/B, Gm, Gmaj7","3.76163265299999, 1.9969161, 3.29723356, 4.08671201699999, 0.603718821000001, 1.06811791399997, 2.08979591799999, 61.950839003, 4.59755102100002, 5.758548752, 24.752471655, 29.210702948, 1.99691609999999, 12.445895692, 2.275555556, 17.322086168, 7.33750566699997, 5.85142857099999, 1.90403628199999, 0.557278912000015, 22.709115647, 2.60063492100002, 1.11455782300004, 1.857596372",142.453429787234
"80","guster2011-02-25t04","A major, C major, C minor, E major, F major, F minor, G major","1.48607709699999, 140.434285713, 16.346848073, 17.089886622, 19.319002267, 19.319002268, 14.860770975","Abmaj7, Am, C, C#7, C#7/E#, C6, Cmaj7, Ddim7/C, E, Eaug, Em, Em7, Emaj7, F, F/C, F/G, F#6, F6, F7, Fm, Fmaj7, G, G7, Gmaj7","0.417959184000011, 22.291156464, 70.356462584, 1.53251700600001, 0.882358275999991, 3.29723356100001, 6.82666666699999, 2.972154195, 14.164172336, 1.95047618999999, 1.95047618999999, 2.32199546499999, 0.650158731000005, 11.331337869, 12.910294783, 3.900952381, 0.789478457999991, 1.71827664400001, 1.34675736899999, 2.46131519300002, 12.167256235, 6.08362811800003, 5.154829933, 19.504761905",137.585638888889
"81","guster2011-03-21d1t01","A major, B major, B minor, Bb major, C major, C minor, Db major, E major, E minor, F major, G major","0.743038549000001, 3.715192744, 6.687346939, 4.458231292, 170.155827662, 14.117732427, 14.117732427, 17.089886621, 7.43038548699998, 9.659501134, 8.91646258599999","Am, Am7, B, B/D#, C, C6, Cm6, Cmaj7, D, E, E/B, E6, E7, E7/G#, Em, Em6, Em7, F, F/C, F#maj7, F6, Faug, Fmaj7, G, G6, G7, Gmaj7","18.204444444, 10.495419501, 18.018684806, 1.160997732, 92.276099778, 9.61306122500002, 1.39319727799997, 1.30031746, 0.371519274999997, 10.727619048, 2.461315193, 7.755464853, 1.30031746, 0.371519274000008, 9.84526077000001, 1.068117914, 6.455147393, 10.402539681, 2.925714285, 0.603718821000001, 0.603718821000001, 0.557278910999997, 6.501587301, 19.551201814, 0.743038549000005, 0.510839001999997, 4.504671202",114.749856410256
"82","guster2011-03-21t03","C major, C minor, Db major, E minor, F major, G major","173.12798186, 29.72154195, 2.229115646, 9.65950113399998, 0.743038548000001, 0","Abmaj7, Am, Am7, B, Bm, C, C/E, C6, Cm, Cmaj7, D6, D7/F#, Em, Em7, F, F/C, F7, Fm, Fmaj7, G, Gmaj7","1.02167800499998, 21.362358278, 1.95047619, 1.30031746, 0.464399092999997, 64.644353739, 1.114557823, 13.560453514, 7.89478458100001, 17.27564626, 0.417959183999983, 1.02167800399999, 5.71210884300004, 9.14866213100002, 10.309659865, 8.96290249499998, 1.71827664400001, 0.975238095999998, 3.11147392300001, 20.805079364, 4.040272109",124.1296
"83","Guster2011-03-31t19","A minor, C major, C minor, E minor, F major, G major, G minor","10.402539683, 48.297505668, 39.381043083, 9.65950113300002, 64.644353742, 22.291156464, 5.201269841","A, Am, Am7, Bbm, Bmaj7, C, C6, Cm, Cmaj7, Ebmaj7, Em, F, F/C, F6, Fm, Fmaj7, G, G/F, G6, G7, G7/B, Gdim7/F","1.95047619100001, 6.40870748300001, 13.467573696, 0.510839002999973, 4.96907029400003, 70.960181407, 33.57605442, 1.625396825, 7.98766439899999, 0.603718821000001, 13.421133786, 8.54494331199999, 6.91954648600002, 1.99691609999999, 0.835918368000002, 2.60063491999998, 23.870113379, 0.417959184000011, 1.764716553, 0.557278910999997, 5.01551020499997, 2.60063492",123.846086956522
"84","guster2011-04-08t23","A major, A minor, Ab major, C major, C minor, C# minor, D minor, Eb / D# minor, F major, F# / Gb major, G major, G minor","3.71519274300002, 28.978503401, 3.71519274299996, 117.400090702, 35.66585034, 4.45823129300001, 1.48607709799998, 3.71519274400001, 0.743038548000015, 16.346848072, 43.096235829, 2.22911564699999","A, Abaug, Am, Am6, Am7, B, Baug, Bb/F, Bbm, Bdim7, C, C#, C#6, C#dim7/B, C#maj7, C6, Cdim7, Cmaj7, D, D7, Ddim7/C, Em, Em7, F, F/C, F#, F6, Faug, Fmaj7, G, G/F, G7, Gm, Gmaj7","1.811156463, 1.95047618999999, 11.702857142, 0.696598639000001, 14.907210884, 0.882358277000009, 0.371519274999997, 1.43963718800001, 3.575873016, 0.417959184000011, 52.4770975, 3.48299319700001, 2.136235828, 1.48607709800001, 1.85759637199999, 16.950566894, 1.57895691599998, 8.26630385499999, 1.11455782299998, 0.510839001999997, 3.52943310699999, 5.71210884300001, 10.495419502, 19.82984127, 3.66875283499999, 2.275555556, 15.696689343, 1.30031746, 9.24154195100003, 19.504761905, 0.464399092999997, 0.650158730000001, 3.39011337900001, 8.54494331200001",121.324185714286
"85","guster2011-05-02t16","Ab major, Bb major, C major, C minor, D minor, G major, G minor","32.693696146, 2.22911564699999, 88.421587301, 62.415238094, 4.45823129200002, 21.548117914, 7.43038548799998","Am, Am7, Baug, C, C/E, Cm, Cmaj7, Em, F, F/C, Fm, Fmaj7, G","8.35918367299997, 18.0186848080001, 0.510839003000001, 95.526893422, 1.160997732, 3.76163265400001, 1.53251700599998, 17.182766441, 19.0403628110001, 1.71827664399999, 1.95047619100001, 3.25079364999999, 24.148752836",131.861088235294
"86","guster2011-05-06d1t05","A major, Ab major, Bb major, C major, C minor, C# minor, D minor, Db major, F major, G major","8.916462585, 5.20126984100001, 2.972154195, 111.455782314, 67.616507936, 11.14557823, 0, 2.229115646, 2.972154195, 5.201269842","Abdim7/Gb, Am, Am7, Bb7/D, C, C6, Cm, Cm6, Cmaj7, E6, Em, Em7, F, F/C, F#7, F#dim7, Fm, Fmaj7, G, Gmaj7","4.82975056700002, 4.41179138399998, 8.87002267700002, 3.71519274399998, 69.938503402, 38.127165533, 5.10839002299998, 1.857596372, 3.66875283400001, 3.48299319700001, 8.823582767, 1.95047619, 8.684263037, 15.185850339, 1.39319727899999, 0.882358277000009, 1.857596372, 1.02167800499998, 21.037278911, 3.297233559",134.854588235294
"87","guster2011-05-07d2t06","Bb major, C major, C minor, C# minor, D major, Db major, E minor, Eb / D# minor, Eb major, F major, F minor, G major","0.743038548999976, 150.093786848, 37.151927437, 0.743038548, 8.173424036, 0.743038548999991, 2.972154195, 8.173424036, 1.48607709800001, 7.43038548799998, 2.22911564600003, 16.346848073","Ab/Bb, Am, Am7, Bbmaj7, Bdim7, C, C6, Cm, Cmaj7, Em, Em7, F, F/C, Fdim7/Eb, Fmaj7, G, G6, G7/B, Gmaj7","1.02167800399999, 13.142494332, 9.61306122600001, 1.85759637199999, 0.417959182999994, 53.823854871, 8.870022675, 4.08671201799999, 32.600816326, 12.167256235, 1.996916099, 13.885532881, 14.303492065, 3.52943310700002, 3.76163265400001, 21.919637189, 0.417959184000004, 3.99383219999999, 2.136235828",139.056914285714
"88","guster2011-06-25t02","A minor, C major, C minor, Db major, F major, F minor, G minor","22.291156463, 120.372244898, 45.325351474, 2.229115646, 5.20126984000001, 12.631655329, 0","A, Am, Am7, C, C/E, C#7/E#, C6, E, E/G#, Eb, Em, F, F#aug, F6, F7, Fm7, Fmaj7, G, G7/B","1.578956916, 11.517097505, 23.498594105, 70.727981858, 4.55111111199999, 3.482993198, 9.93814058899997, 0.464399093000026, 0.278639456000008, 0.510839003000001, 17.647165531, 21.548117915, 1.43963718799998, 0.975238095999998, 1.85759637199999, 1.57895691600001, 6.87310657500001, 24.102312926, 0.464399093000001",127.919807692308
"89","guster2011-08-02d1t01","A minor, Ab major, B major, C major, C minor, C# minor, E major, E minor, F major, G major, G# minor","9.65950113399998, 2.22911564599997, 8.173424035, 150.093786849, 23.03419501, 5.94430839, 0, 31.950657596, 26.749387756, 1.486077098, 11.145578232","A7/C#, Adim7, Am, Am7, B, C, C/E, C6, C7/E, Cdim7/Bb, E, E6, E7, Eaug, Edim7/D, Em, Em7, Emaj7, F, F/C, Fm, Fmaj7, G, G/B, G6, G7","0.417959182999999, 0.417959184, 21.966077095, 17.554285714, 16.625487529, 80.6196825399999, 2.739954648, 6.780226758, 1.02167800399997, 0.371519273999979, 18.158004535, 3.854512471, 3.43655328800003, 2.321995465, 0.417959183000022, 9.28798185900001, 3.436553288, 1.021678005, 11.331337871, 2.18267573700001, 0.882358275999991, 15.232290251, 18.111564625, 1.16099773299999, 2.04335600900001, 3.900952381",137.611296296296
"90","guster2011-08-04d1t02","A minor, Ab major, C major, C minor, C# minor, D minor, E minor, F major, F minor, G major","0, 6.68734693799999, 138.205170068, 42.35319728, 3.71519274299999, 2.229115646, 7.43038548800001, 20.062040816, 0.743038548, 20.062040817","Abmaj7, Adim7, Am, Am7, B7/D#, C, C/E, C/G, C6, Cm, Cmaj7, Eb, Em, Emaj7, F, F/C, F/G, F7, Fm, Fmaj7, G, Gaug, Gmaj7","2.136235828, 4.27247165399999, 11.795736961, 6.91954648600002, 1.39319727899999, 75.511292516, 1.207437642, 0.928798185999995, 32.043537416, 0.789478457999991, 6.59446712100002, 2.32199546500001, 12.724535147, 2.83283446800002, 13.74621315, 5.38702947900001, 3.436553288, 1.671836735, 1.95047619, 1.34675736999998, 4.45823129300001, 1.253877551, 17.647165533",150.79048
"91","guster2011-08-06d1t02","A major, A minor, Ab major, Bb major, C major, C minor, E major, F major, F# minor, G major","0.743038549000005, 8.916462585, 8.91646258499999, 1.48607709700002, 135.976054422, 22.291156462, 8.916462585, 20.805079365, 6.68734693899998, 37.151927438","Ab, Abm, Abmaj7, Adim7, Adim7/G, Am, Am7, B6, B7, B7/D#, Baug, C, C6, Cm, Cm6, Cmaj7, E, Em, F, Fdim7/Eb, Fmaj7, G, G/B","4.31891156400002, 4.87619047799998, 0.835918367000005, 0.696598639000001, 2.275555556, 8.40562358299998, 47.554467119, 3.29723356000002, 7.94122449000002, 1.02167800499998, 0.696598639000001, 67.337868482, 1.857596371, 5.80498866200002, 3.80807256200001, 2.136235828, 0.464399092999997, 14.024852611, 20.062040814, 2.32199546499999, 3.90095238000001, 23.127074831, 4.59755102",138.9998475
"92","guster2011-08-09d1t01","(unknown), C major, C minor, E major, E minor, Eb major, F major, G major","8.173424037, 166.440634921, 37.894965986, 0, 33.436734693, 9.65950113399998, 2.229115646, 5.94430839","A, A7, Abmaj7, Am, Am7, B, B6, Baug, Bbdim7, Bmaj7, C, C/E, C#dim7/B, C6, C7, Cm7, Cmaj7, E, E/B, E7, Eaug, Em, Em7, Emaj7, F, F/C, F6, Fmaj7, G, G6, Gmaj7","5.47990929700001, 1.57895691600001, 2.368435374, 11.609977325, 10.077460317, 5.758548753, 1.904036282, 5.433469387, 4.41179138300001, 5.52634920599999, 64.040634921, 3.668752833, 1.253877551, 8.59138321899999, 1.43963718800001, 1.114557823, 4.08671201799999, 8.77714285700003, 9.613061224, 4.922630385, 0.557278911999987, 6.455147392, 16.207528343, 2.229115646, 23.545034016, 5.20126984200002, 8.31274376399998, 4.08671201799999, 25.541950115, 0.510839001999997, 0.464399092999997",120.774359459459
"93","guster2011-08-12d1t06","Ab major, Bb major, C major, C minor, D minor, Db major, E major, E minor, Eb major, F major, F# / Gb major, G minor","10.402539683, 7.43038548799998, 169.412789115, 35.665850339, 8.916462585, 2.972154196, 7.43038548699997, 8.916462585, 11.888616781, 5.20126984100003, 3.71519274399998, 0.743038548000015","Abm, Am, Am7, Bmaj7, C, C/E, C6, Cmaj7, Em, F, F#, F#m, F6, Fdim7/Eb, Fmaj7, G, Gdim7, Gmaj7","0.975238095999998, 7.15174603199999, 19.0868027220001, 1.16099773299999, 82.570158731, 2.182675738, 8.54494330999998, 3.482993198, 16.114648525, 20.851519274, 0.557278910999997, 1.11455782299998, 1.30031746, 1.62539682600001, 7.987664399, 25.170430837, 1.996916099, 0.371519274000008",124.032141860465
"94","guster2011-11-26d1t07","A major, A minor, C major, C minor, C# minor, D major, D minor, F major, F minor, G major","0, 77.27600907, 99.567165534, 7.430385488, 1.48607709800001, 0.743038548, 5.94430839, 0.743038547999987, 11.145578231, 7.430385487","Am, Am7, Amaj7, B/F#, C, C/E, C#m, C6, Cmaj7, Ddim7/C, Dm7, E, E7/G#, Eaug, Em, Em7, Emaj7, F, F/C, F/G, F7, Fm, Fmaj7, G, G7/B, Gmaj7","26.981587302, 4.08671201899998, 0.835918367000005, 0.975238095999998, 52.616417232, 3.111473923, 1.068117914, 16.021768709, 2.368435374, 0.510839001999997, 0.557278912000001, 12.167256235, 0.371519274999997, 1.34675736999999, 7.15174603100003, 0.557278911999987, 0.510839002000012, 24.195192742, 1.764716553, 4.31891156499999, 1.81115646199999, 2.832834467, 6.13006802800003, 17.600725623, 1.85759637199999, 6.176507937",126.497958333333
"95","guster20110205t03","Ab major, Bb major, C major, C minor, Db major, E major, E minor, Eb / D# minor, F major, F minor, G major","75.046893425, 11.145578232, 24.520272108, 28.978503401, 0.743038549000005, 16.346848072, 0.743038549000005, 2.229115646, 15.603809524, 22.291156462, 18.575963719","A, Ab, Am, Am7, Amaj7, Baug, Bm6, C, C/E, C6, Cmaj7, Ddim7/C, E, Eaug, Em, Em7, F, F/C, F7, Fm, Fmaj7, G, G7/B, Gmaj7","4.36535147299999, 1.25387755099999, 6.873106577, 4.82975056599999, 3.250793651, 0.464399093000026, 0.464399092999997, 60.74340136, 1.160997732, 30.511020408, 17.043446713, 2.22911564699999, 6.68734693900002, 1.16099773299999, 14.303492064, 4.736870748, 5.94430838899999, 1.57895691600001, 1.67183673399998, 6.50158730200001, 5.665668934, 10.356099773, 1.39319727899999, 13.699773244",136.019052631579
"96","guster2012-04-05-ca14-flac16-t-16","C major, C minor, Db major, F major, F minor, F# / Gb major","103.282358274, 61.672199547, 0.743038549000005, 24.52027211, 0, 9.65950113399998","Am, Am7, C, Cmaj7, Em, F, F/C, F/G, Fmaj7, G, G/A","11.563537416, 24.659591836, 74.257414969, 2.368435374, 20.665759636, 26.238548751, 3.34367346900001, 5.06195011399999, 5.01551020499998, 22.523356008, 0.789478457999991",118.717454545455
"97","guster2012-04-21d2t04","A major, A minor, Ab major, B major, Bb major, Bb minor, C major, C minor, C# minor, Db major, E minor, Eb / D# minor, F major, F minor, F# / Gb major, F# minor, G major, G minor","2.22911564700001, 6.68734693899998, 2.22911564500004, 11.145578231, 5.94430839, 43.096235829, 133.003900228, 11.145578231, 0.743038547999987, 19.319002267, 5.94430839, 28.235464852, 29.721541951, 9.65950113199997, 14.117732427, 12.631655329, 31.950657596, 0.743038549000005","Ab7/C, Abdim7, Abmaj7, Adim7/G, Am, Am7, B, B6, B7/D#, Bb6, Bbm, Bbm6, Bmaj7, C, C#/G#, C#m, C#maj7, Caug, Cdim7, Cm, Cm6, Cmaj7, D, D/E, Ddim7/C, Dm, Dmaj7, Eb, Eb7, Em, F, F/C, F/G, F#/A#, F#/C#, F#m, F#maj7, Fm, Fmaj7, G, G/A, G6, G7/B, Gmaj7","2.78639455799998, 3.43655328800003, 1.85759637199999, 0.325079365000022, 18.297324261, 14.117732424, 0.557278910999997, 2.92571428500003, 0.789478457999991, 2.04335600899999, 17.554285715, 0.835918367999994, 1.81115646199999, 65.712471659, 0.835918367000005, 3.25079364999999, 5.06195011300005, 0.650158731000005, 5.20126984099997, 12.260136054, 1.39319727899999, 8.45206349299999, 0.464399092999997, 0.325079364999993, 1.02167800499998, 0.975238095999998, 1.30031746, 0.835918366999977, 1.25387755099996, 22.61623583, 27.260226755, 0.557278912000015, 1.39319727900001, 1.06811791400003, 1.30031746000003, 3.29723356000005, 2.97215419500003, 1.25387755099999, 12.770975057, 11.563537414, 0.464399092999997, 5.851428572, 0.650158730999976, 5.52634920599996",143.907777777778
"98","guster2013-07-23t01","(unknown), A minor, Ab major, Bb major, C major, C minor, Db major, F major, F minor, G major, G minor","7.430385487, 14.860770975, 2.229115645, 0, 153.065941043, 9.659501134, 30.464580499, 2.972154195, 0.743038549, 2.229115647, 8.173424036","A, Am, Am7, B7, Bdim7, Bmaj7, C, C/G, C#7/E#, C6, Cmaj7, Ddim7/C, E, Em, F, F/C, F6, Fmaj7, G, Gdim7/F","1.718276643, 14.582131521, 23.498594103, 0.464399092999997, 1.904036281, 0.835918367, 60.3718820870001, 4.411791383, 3.018594105, 2.13623582699998, 8.96290249500001, 2.04335600900001, 4.69043083900002, 14.489251703, 29.210702945, 3.80807256299997, 4.27247165599999, 12.120816326, 24.566712018, 4.226031746",130.180967741935
"99","guster2013-12-01d1t22","A minor, Ab major, B major, Bb major, C major, C minor, D minor, Db major, E minor, Eb / D# minor, Eb major, F major, F minor, F# / Gb major, G major, G minor, G# minor","20.805079366, 0.743038549000005, 6.68734693799999, 5.20126984, 137.462131519, 17.089886621, 4.458231293, 18.575963719, 4.45823129199999, 5.94430839, 2.972154195, 12.631655329, 8.91646258400002, 1.48607709799998, 2.972154195, 0.743038549, 8.17342403699999","A, Ab7/C, Am, Am7, C, C/E, C6, Cmaj7, D, Ddim7, Dm7, E, Eaug, Eb, Ebm, Ebm6, Em, Em7, Emaj7, F, F/C, F#6, F#maj7, F6, Fdim7/Eb, Fm, Fmaj7, G, G/A, G6, Gmaj7","1.811156463, 3.06503401299997, 4.411791382, 28.281904762, 66.409070294, 0.882358276000005, 6.594467119, 3.11147392300001, 0.789478457999991, 1.57895691600001, 3.20435374200001, 1.30031746, 0.928798185999995, 1.811156463, 5.247709751, 2.507755102, 17.229206349, 4.64399092999997, 3.575873016, 25.727709752, 1.764716554, 1.11455782300004, 1.25387755100002, 3.66875283500001, 1.99691609899998, 1.71827664400001, 4.64399092999997, 16.486167801, 1.20743764099998, 2.27555555500001, 9.52018140699998",130.230432432432
