id,Track Name,Performance Date,Track duration,Tempo,Max Key,Keys,Key_durations
0,Ripple,1970-08-18,259.586667,123.032970310228,8,"['D', 'G', 'Cm', 'Gm']","[79.505124715, 154.818231627, 15.603809523999985, 9.65950113400001]"
1,Ripple,1970-08-19,263.573333,120.96741484499985,1,"['C', 'D', 'G', 'Cm', 'Gm']","[149.35074829899997, 23.777233560000003, 65.92507903200001, 6.687346939000001, 17.83292517]"
2,Ripple ->,1970-08-19,255.866667,124.08274822532951,2,"['Db / C#', 'Eb / D#', 'Ab / G#', 'Dbm / C#m', 'Ebm / D#m', 'Abm / G#m']","[155.55646291699998, 4.458231293000011, 55.727891157000016, 27.492426303999988, 2.9721541950000017, 9.659501134000003]"
3,Ripple->,1970-08-19,255.866667,124.09860991064484,2,"['Db / C#', 'Eb / D#', 'Ab / G#', 'Cm', 'Dbm / C#m', 'Ebm / D#m', 'Abm / G#m']","[159.271655663, 0.743038547999987, 46.81142857100002, 2.229115646999986, 26.749387755000015, 5.944308389999999, 14.117732426]"
4,Ripple,1970-09-17,275.506667,125.9495054029865,1,"['C', 'Db / C#', 'D', 'G', 'Ab / G#', 'Cm', 'Dm', 'Ebm / D#m', 'Em', 'Gm', 'unknown']","[136.71909296900003, 65.38739229099998, 12.631655329000012, 28.978503400999976, 12.63165532899999, 5.944308390000003, 0.7430385490000049, 0.5824039610000113, 5.201269841999988, 5.944308390000003, 0.743038549]"
5,Ripple,1970-09-17,355.853333,126.4413622111024,1,"['C', 'Db / C#', 'D', 'Eb / D#', 'F', 'Gb / F#', 'G', 'Ab / G#', 'Bb', 'B/Cb', 'Cm', 'Dbm / C#m', 'Dm', 'Fm', 'Gbm / F#m', 'Bm/Cbm', 'unknown']","[158.26721088400004, 96.595011338, 18.51383186600006, 2.9721541949999732, 6.687346939000008, 3.7151927429999887, 12.631655328999983, 3.715192743999978, 10.402539681999997, 17.08988662200005, 4.458231292999983, 2.2291156459999684, 6.687346939000008, 8.173424036000029, 0.7430385490000049, 0.743038548999948, 2.229115646]"
6,Ripple*,1970-09-17,359.506667,126.41340989396878,1,"['C', 'Db / C#', 'D', 'F', 'Gb / F#', 'G', 'Bb', 'B/Cb', 'Cm', 'Dm', 'Gm', 'Bbm']","[211.7659863940001, 6.687346938999951, 5.2012698419999595, 16.34684807399998, 3.715192744000035, 59.443083896999994, 13.993741829999976, 3.715192743999978, 22.291156462000004, 11.14557823200002, 2.229115646, 2.9721541960000195]"
7,Ripple,1970-11-07,253.68,122.74529370483101,1,"['C', 'D', 'G', 'Dm', 'Gm', 'Am']","[189.77868480600003, 7.4303854870000094, 8.916462583999994, 31.20761904999998, 14.117732427, 2.229115646]"
8,Ripple,1970-11-07,261.853333,119.03825239643525,13,"['D', 'G', 'Cm', 'Dm']","[8.173424036, 30.4645805, 188.29251667300005, 34.92281179099999]"
9,Ripple,1970-11-08,263.853333,121.08587341662722,8,"['C', 'D', 'G', 'Cm', 'Em', 'Gm']","[29.72154195200001, 21.54811791499999, 180.55836734500002, 12.706303520999995, 14.117732425999979, 5.201269841000027]"
10,Ripple,1970-11-08,360.946667,120.2083127732246,1,"['C', 'D', 'E', 'G', 'Bb', 'Cm', 'Dm', 'Ebm / D#m', 'Em', 'Gm', 'Am']","[236.28625850199995, 44.582312926000064, 7.260317794000002, 20.062040815999985, 8.173424037000018, 5.201269843000002, 6.687346938000005, 6.687346937999962, 1.4860770970000026, 11.145578231000002, 13.374693878000002]"
11,Ripple,1970-11-08,265.28,120.6187068675482,13,"['C', 'D', 'G', 'Cm', 'Em', 'Gm', 'unknown']","[7.430385486999995, 12.631655328999997, 100.31020408300002, 108.49886621099996, 0.743038549, 23.034195011999984, 12.631655329000012]"
12,Ripple,1970-11-08,266.146667,121.91098649961495,1,"['C', 'D', 'G', 'Cm']","[174.009886954, 52.01269841299998, 11.145578231999977, 28.97850340100002]"
13,Ripple,1970-11-08,337.693333,122.60926680447564,13,"['D', 'Eb / D#', 'E', 'G', 'B/Cb', 'Cm', 'Dbm / C#m', 'Dm', 'Gm', 'Bbm', 'Bm/Cbm']","[62.769069959999996, 8.916462585000033, 1.4860770980000098, 71.33170068099997, 4.458231291999937, 147.121632653, 3.715192744000035, 2.9721541950000017, 23.77723356099999, 0.743038549, 10.402539681999997]"
14,Ripple,1970-11-08,335.04,126.3956722523746,1,"['C', 'D', 'E', 'G', 'Bb', 'Cm', 'Dm', 'Em', 'Gm', 'Bm/Cbm']","[159.753287984, 95.03854875100001, 16.346848073000046, 0.7430385479999999, 2.9721541949999732, 43.096235827, 5.201269841000006, 1.4860770980000098, 0.743038549, 9.659501133999981]"
15,Ripple,1970-11-08,265.4,121.51152118725834,8,"['C', 'D', 'Eb / D#', 'G', 'Cm', 'Dm', 'Gm', 'Am', 'unknown']","[18.575963718999997, 9.659501133999996, 0.8782766439999818, 127.80263038600003, 83.96335600699999, 8.173424036999997, 14.86077097499998, 0.743038549, 0.7430385490000049]"
16,Ripple,1971-02-21,370.266667,125.29807958253564,8,"['C', 'D', 'Eb / D#', 'E', 'F', 'G', 'Dm', 'Ebm / D#m', 'Em']","[97.3380498869999, 6.687346939000008, 1.486077098, 13.374693878000002, 8.173424035, 215.7146488590001, 2.972154194999966, 2.972154194999998, 21.548117914000002]"
17,Ripple,1971-02-21,370.426667,124.79492771040807,8,"['D', 'F', 'G', 'Cm', 'Dm', 'Em', 'Am', 'Bm/Cbm']","[19.31900226800002, 14.117732426000003, 221.07591870000002, 72.07473922899999, 6.68734693899998, 26.006349205999996, 0.7430385490000049, 10.402539683]"
18,Ripple,1971-04-29,282.373333,110.40261411968592,8,"['G', 'Cm', 'Gm']","[217.728979259, 42.353197279, 22.291156461999996]"
19,Ripple,1980-09-25,302.16,125.9304271305148,8,"['D', 'F', 'G', 'A', 'Cm', 'Dm', 'Em', 'Fm', 'Gbm / F#m', 'Gm', 'Am', 'unknown']","[23.77723356, 4.94458049900004, 212.50902494499996, 2.2291156450000007, 9.659501133000006, 4.458231291999994, 1.4860770980000098, 14.117732426000003, 2.229115645999997, 13.374693878000016, 3.715192744, 9.65950113400001]"
20,Ripple,1980-09-26,278.826667,128.02430473553437,8,"['D', 'F', 'G', 'Cm', 'Dbm / C#m', 'Dm', 'Gm', 'Am']","[14.86077097499998, 7.617596704999983, 130.03174603299993, 92.8798185940001, 1.486077097, 17.089886621000005, 8.173424036, 6.687346938999999]"
21,Ripple,1980-09-26,278.8,128.5996943740581,8,"['C', 'D', 'G', 'A', 'Cm', 'Gm']","[9.659501134, 11.888616779999978, 148.76825397000002, 9.659501134, 86.93551020200002, 11.888616780000007]"
22,Ripple,1980-09-27,281.186667,132.03282746814054,8,"['C', 'G', 'Cm', 'Gm', 'Abm / G#m']","[20.805079366000015, 141.49541983400002, 41.61015872900002, 76.53297052199996, 0.743038549]"
23,Ripple,1980-09-27,278.007052,130.08621487036245,8,"['D', 'G', 'Cm', 'Dm', 'Fm', 'Gm', 'Am']","[31.950657597000017, 150.8368254, 77.27600906699995, 8.91646258499999, 3.0827889610000057, 5.2012698409999985, 0.743038549]"
24,Ripple,1980-09-27,287.84,130.8219200917594,8,"['D', 'F', 'G', 'Bb', 'Cm', 'Dm', 'Gm']","[20.06204081499999, 1.486077098, 160.03736961699994, 1.486077097, 69.845623582, 3.715192743000003, 31.207619048000048]"
25,Ripple,1980-09-29,266.48,125.84839299149982,8,"['C', 'Db / C#', 'D', 'Eb / D#', 'G', 'Ab / G#', 'Cm', 'Dbm / C#m', 'Dm', 'Gm']","[12.631655329000012, 33.436734694000016, 17.832925169999996, 11.145578231999991, 79.97732426300001, 70.58866213099999, 5.9443083899999944, 3.715192743000003, 0.7430385489999978, 30.464580498999993]"
26,Ripple,1980-09-29,279.533333,128.2781105476929,8,"['C', 'D', 'G', 'Em']","[55.727891158000034, 13.374693876999999, 210.27990929599994, 0.15083866900005205]"
27,Ripple,1980-09-30,287.466667,121.0197837323473,8,"['C', 'F', 'G', 'Cm', 'Dm', 'Gm', 'Am']","[58.70004534899998, 21.54811791400001, 171.55265339699997, 20.062040816000007, 2.229115646, 12.631655329, 0.743038549]"
28,Ripple,1980-10-02,281.613333,118.46515878768321,1,"['C', 'F', 'G', 'Ab / G#', 'Cm', 'Dm', 'Em']","[155.29505668999997, 0.7430385480000012, 98.08281145800004, 0.7430385490000013, 19.319002267, 5.201269841999988, 2.229115646000001]"
29,Ripple,1980-10-02,287.066667,116.14410635137652,13,"['D', 'G', 'Cm', 'Em', 'Gm', 'unknown']","[3.7151927439999923, 88.675374483, 159.010249432, 12.631655328999987, 15.603809524000013, 7.430385488000006]"
30,Ripple,1980-10-03,251.813333,130.9812529746995,2,"['Db / C#', 'Eb / D#', 'G', 'Ab / G#', 'Cm', 'Dbm / C#m', 'Gm', 'Bbm']","[162.725442176, 5.201269841, 8.096689010000006, 11.888616780000007, 3.7151927439999994, 40.12408163299999, 5.94430839, 14.117732426000003]"
31,Ripple,1980-10-03,255.546667,134.9558541711262,2,"['C', 'Db / C#', 'Gb / F#', 'Ab / G#', 'Cm', 'Dbm / C#m', 'Am', 'Bbm']","[7.430385486999995, 108.48362811899996, 5.885714618000023, 12.631655329000012, 15.603809524, 99.56716553200002, 0.743038549, 5.201269842000002]"
32,Ripple,1980-10-06,541.84,149.36187620843364,5,"['D', 'E', 'F', 'G', 'A', 'B/Cb', 'Cm', 'Dbm / C#m', 'Em', 'Fm', 'Gbm / F#m', 'Bbm']","[8.916462584999977, 200.62040816200002, 2.9721541949999732, 10.402539682999986, 189.4748299319999, 0.7430385490000617, 0.7430385490000617, 61.67219954800004, 15.025668934000004, 2.97215419500003, 43.09623582699999, 5.2012698409999985]"
33,Ripple,1980-10-06,577.586667,89.15959631813817,3,"['D', 'E', 'G', 'A', 'Cm', 'Dbm / C#m', 'Dm', 'Em', 'Gbm / F#m', 'Am', 'Bm/Cbm']","[173.87102040699997, 3.71519274400003, 7.430385487000052, 115.91401360699992, 20.062040816999996, 1.486077098, 95.35464885700009, 63.90131519199997, 2.229115646000025, 88.421587304, 5.2012698409999985]"
34,Ripple,1980-10-06,278.266667,126.43830060214013,8,"['D', 'G', 'Cm', 'Em', 'Abm / G#m']","[5.2012698409999985, 175.35709750600003, 39.381043083, 56.098140923999956, 2.229115646]"
35,Ripple,1980-10-06,254.773333,131.36305277265447,9,"['Db / C#', 'D', 'G', 'Ab / G#', 'Cm', 'Dbm / C#m', 'Dm', 'Abm / G#m']","[31.207619049000012, 8.173424036, 23.034195010999994, 145.54666633399998, 28.235464851000025, 8.173424036999997, 4.458231292000001, 5.94430839]"
36,Ripple,1980-10-07,263.466667,130.9353568003816,2,"['C', 'Db / C#', 'D', 'G', 'Ab / G#', 'Cm', 'Dbm / C#m', 'Gm', 'unknown']","[18.575963718999994, 108.48362811500003, 3.7151927440000065, 19.319002267000002, 11.576598972999957, 79.505124719, 8.17342403699999, 13.374693876999999, 0.743038549]"
37,Ripple,1980-10-07,277.066667,126.137210973273,8,"['F', 'G', 'Ab / G#', 'Cm', 'Gm', 'unknown']","[14.117732427000021, 235.543219955, 5.114558155999987, 15.603809522999988, 5.94430839, 0.743038549]"
38,Ripple,1980-10-10,230.16,131.98032463468522,8,"['C', 'D', 'F', 'G', 'Cm', 'Dm', 'Em']","[20.062040817000025, 26.749387753999983, 11.145578231, 105.32952381099999, 36.40888888900001, 26.749387755000004, 3.7151927429999887]"
39,Ripple,1980-10-10,259.933333,131.98332128744903,9,"['Db / C#', 'G', 'Ab / G#', 'Cm', 'Dbm / C#m', 'Em', 'Fm']","[88.42158730399998, 16.346848073000004, 114.29777744000003, 26.006349207999975, 9.659501134000003, 4.458231292000001, 0.743038549]"
40,Ripple,1980-10-11,267.426667,125.95186310330165,2,"['Db / C#', 'Gb / F#', 'G', 'Ab / G#', 'Cm', 'Dbm / C#m', 'Fm', 'Gm', 'Abm / G#m']","[124.08743764099998, 0.7430385489999995, 10.402539681999997, 28.168254300999976, 17.089886622000023, 71.33170068000001, 6.68734694, 4.458231292000005, 4.458231293000011]"
41,Ripple,1980-10-14,278.653333,129.29836110457353,2,"['C', 'Db / C#', 'Eb / D#', 'Gb / F#', 'G', 'Ab / G#', 'Dbm / C#m', 'Dm', 'Ebm / D#m', 'Am', 'Bbm']","[23.03419501199999, 178.32925169999996, 11.888616779999978, 11.88861678, 0.743038549, 26.006349206000003, 5.944308390000003, 0.7430385490000049, 10.416416900000002, 5.944308390000003, 3.7151927440000065]"
42,Ripple,1980-10-18,280.853333,121.02055214646249,8,"['C', 'D', 'F', 'G', 'Cm', 'Gbm / F#m', 'Gm']","[20.80507936500001, 17.832925169999996, 19.319002267000002, 165.68235794400002, 22.29115646199998, 3.715192744, 31.207619048000012]"
43,//Ripple,1980-10-19,234.893333,117.78624451839926,8,"['C', 'D', 'G', 'Em']","[61.67219954599999, 18.575963719000015, 140.527437309, 14.117732426]"
44,Ripple,1980-10-19,275.773333,121.27845160857063,2,"['C', 'Db / C#', 'Eb / D#', 'G', 'Ab / G#', 'Dbm / C#m', 'Abm / G#m']","[0.743038549, 224.503673135, 14.86077097499998, 2.972154195000001, 28.97850340199999, 2.972154196, 0.7430385480000004]"
45,//Ripple,1980-10-19,234.903365,118.03780040929155,8,"['C', 'D', 'G', 'Em']","[61.67219954599999, 20.80507936500001, 138.308353663, 14.117732426]"
46,Ripple,1980-10-22,277.893333,123.64029725934185,8,"['C', 'D', 'E', 'F', 'Gb / F#', 'G', 'Cm', 'Dm', 'Em', 'Gm']","[15.603809524000006, 34.922811792999994, 5.941224155999976, 14.117732426, 2.972154195, 140.43428571199996, 11.888616780000035, 11.145578231999991, 2.229115645999997, 38.63800453600001]"
47,Ripple,1980-10-22,279.96,129.69858249087727,8,"['C', 'Eb / D#', 'F', 'Gb / F#', 'G', 'Cm', 'Em', 'Gm']","[48.29750566900002, 0.743038549, 20.80507936599998, 4.292698412999982, 161.98240362500002, 6.687346939999998, 0.743038549, 36.408888888999996]"
48,Ripple,1980-10-22,256.906667,126.08651168540881,9,"['Db / C#', 'Eb / D#', 'E', 'G', 'Ab / G#', 'Cm', 'Dbm / C#m', 'Dm']","[55.72789115700002, 14.11773242599999, 1.3014062290000368, 31.950657595999985, 136.719092971, 7.430385486999995, 2.229115646, 7.430385487999985]"
49,Ripple,1980-10-22,268.04,125.01780783765905,8,"['C', 'Db / C#', 'Eb / D#', 'E', 'G', 'Ab / G#', 'Cm', 'Dm', 'Gm', 'Abm / G#m']","[15.603809522999995, 8.173424036999997, 10.402539683000015, 2.0321995460000153, 144.89251700699998, 14.117732426000003, 8.17342403699999, 8.916462585000005, 49.040544218, 6.687346937999999]"
50,Ripple,1980-10-23,281.666667,121.47004402861364,1,"['C', 'D', 'F', 'G', 'Ab / G#', 'Cm', 'Dm', 'Fm', 'Gm', 'Am', 'Bbm']","[135.233015872, 6.687346939000008, 3.715192743000003, 74.30385487699996, 5.94430839, 14.117732427, 9.65950113400001, 0.05505702300001758, 14.117732425000014, 12.631655328999983, 5.201269841]"
51,Ripple,1980-10-23,278.906667,126.97740742405702,8,"['C', 'D', 'G', 'Ab / G#', 'Cm']","[86.935510204, 14.11773242599999, 165.22176904100002, 3.7151927440000065, 8.916462585000005]"
52,Ripple,1980-10-23,278.813333,128.45434375636324,1,"['C', 'Db / C#', 'D', 'Eb / D#', 'F', 'Gb / F#', 'G', 'Ab / G#', 'Em', 'Gm', 'Am']","[126.316553288, 32.69369614600001, 14.860770975000008, 0.7430385480000155, 2.229115646, 2.229115647, 45.325351472999984, 32.86757336299998, 5.944308390000003, 4.458231292999997, 11.145578231000002]"
53,Ripple,1980-10-23,272.666667,131.22638321445893,9,"['C', 'Db / C#', 'Eb / D#', 'E', 'F', 'G', 'Ab / G#', 'A', 'Cm', 'Dm', 'Em', 'Fm', 'Gm', 'Am', 'unknown']","[23.777233560000013, 64.64435374300005, 14.860770975000003, 2.9436738030000242, 0.7430385480000155, 11.14557823099996, 106.25451247099994, 0.7430385490000049, 9.659501133, 0.7430385489999907, 9.659501134000024, 2.229115646000011, 17.089886620999977, 7.430385487999999, 0.743038549]"
54,Ripple,1980-10-23,266.858667,128.41582571719368,2,"['Db / C#', 'Eb / D#', 'G', 'Ab / G#', 'B/Cb', 'Dbm / C#m', 'Ebm / D#m', 'Fm', 'Abm / G#m', 'Am']","[131.51782312900002, 14.117732427000021, 0.7430385480000012, 103.39018627499999, 1.486077096999992, 5.944308390999999, 0.7430385490000049, 2.2291156460000003, 5.944308390000003, 0.7430385479999999]"
55,Ripple,1980-10-23,266.858667,128.41582571719368,2,"['Db / C#', 'Eb / D#', 'G', 'Ab / G#', 'B/Cb', 'Dbm / C#m', 'Ebm / D#m', 'Fm', 'Abm / G#m', 'Am']","[131.51782312900002, 14.117732427000021, 0.7430385480000012, 103.39018627499999, 1.486077096999992, 5.944308390999999, 0.7430385490000049, 2.2291156460000003, 5.944308390000003, 0.7430385479999999]"
56,Ripple,1980-10-23,272.693333,130.05275065612742,9,"['C', 'Db / C#', 'Eb / D#', 'F', 'G', 'Ab / G#', 'Dbm / C#m', 'Fm', 'Am']","[10.402539683, 84.70639455800003, 7.430385487999985, 0.7430385479999995, 4.456416900000022, 139.69124716599993, 14.860770975000001, 2.229115646000025, 8.173424036]"
57,Ripple,1980-10-25,295.253333,123.21819225752103,8,"['C', 'Gb / F#', 'G', 'A', 'B/Cb', 'Cm', 'Dm', 'Gbm / F#m', 'Gm']","[11.14557823200002, 0.26702914499998087, 112.19882086200003, 2.972154195, 1.486077098, 58.70004534999998, 59.443083899999976, 6.687346939000008, 42.35319727899999]"
58,Ripple,1980-10-25,286.386667,119.78369364400406,20,"['C', 'E', 'F', 'G', 'Cm', 'Dm', 'Em', 'Gm']","[45.32535147299998, 2.972154195, 18.575963719, 57.213968253000004, 11.888616780000007, 62.41523809699993, 5.518095571000011, 82.47727891200006]"
59,Ripple,1980-10-25,283.727143,118.20353238275965,8,"['C', 'D', 'G', 'Cm', 'Bm/Cbm']","[44.582312926000014, 5.944308390000003, 193.076440052, 39.38104308299998, 0.743038549]"
60,Ripple,1980-10-25,286.381417,122.31330961825864,8,"['C', 'F', 'G', 'A', 'Cm', 'Dm', 'Em', 'Gm']","[40.867120180000015, 17.089886622999984, 69.10258503499999, 9.659501133, 20.805079363999994, 63.158276645999976, 3.2837299250000456, 62.415238093999996]"
61,Ripple,1980-10-25,284.2,122.1969397978197,8,"['C', 'G', 'Cm', 'Fm', 'Am', 'Bbm']","[7.430385487999999, 214.35437641599998, 43.09623582800001, 9.659501134000001, 8.916462585000005, 0.743038549]"
62,Ripple,1980-10-25,287.853333,120.2682707182974,8,"['C', 'Db / C#', 'Eb / D#', 'G', 'Ab / G#', 'Cm', 'Dm', 'Em', 'Gbm / F#m', 'Gm']","[40.86712018100002, 0.7430385489999995, 0.7430385489999907, 110.26711985, 22.291156461, 5.944308390000003, 45.325351474, 3.7151927439999994, 7.430385487000001, 50.526621315000014]"
63,Ripple,1980-10-26,307.853333,115.80631420470692,8,"['Gb / F#', 'G', 'B/Cb', 'Cm', 'Dm', 'Ebm / D#m']","[0.23537381600004892, 213.99510204000006, 2.9721541950000003, 72.07473922999995, 12.631655329000012, 5.9443083899999465]"
64,Ripple,1980-10-26,307.32,116.71420694869465,20,"['C', 'Db / C#', 'F', 'Gb / F#', 'G', 'Cm', 'Dm', 'Gm', 'Bm/Cbm']","[40.124081635000024, 5.94430839, 0.7430385489999978, 8.618503401999982, 57.213968253000026, 37.151927437000026, 34.17977324299998, 122.60136054199995, 0.743038549]"
65,Ripple,1980-10-26,308.92,114.85258607579219,1,"['C', 'Eb / D#', 'F', 'G', 'Cm', 'Dm', 'Fm', 'Gm']","[112.19882086300002, 0.7430385490000049, 9.659501134000001, 51.269659865, 12.631655328000003, 26.749387754000004, 10.21850340100002, 85.44943310599996]"
66,Ripple,1980-10-26,298.786667,114.92604347390728,1,"['C', 'F', 'G', 'Cm', 'Dm', 'Gm']","[92.87981859500002, 13.374693878000004, 37.23709783700002, 26.749387756000004, 41.61015872899999, 86.93551020499999]"
67,Ripple,1980-10-26,290.533333,114.6010895563328,8,"['C', 'Db / C#', 'D', 'Eb / D#', 'F', 'G', 'Ab / G#', 'Dm', 'Gm']","[60.929160996999904, 8.916462585000005, 30.464580499000007, 3.715192744, 8.916462585, 89.16988628700012, 14.117732427000002, 27.492426303999984, 46.811428572]"
68,Ripple,1980-10-27,286.045625,121.28127809872694,8,"['C', 'Db / C#', 'D', 'Eb / D#', 'G', 'Ab / G#', 'Bb', 'Cm', 'Dm', 'Ebm / D#m', 'Gm', 'Bbm']","[82.47727891199999, 26.749387753999997, 20.805079364999983, 10.402539683000015, 94.341679422, 2.2291156460000003, 0.7430385490000013, 6.68734693899998, 22.291156463000007, 4.458231292999999, 11.145578230999991, 3.7151927430000002]"
69,Ripple,1980-10-27,286.053333,121.28097295445657,8,"['C', 'Db / C#', 'D', 'Eb / D#', 'G', 'Ab / G#', 'Bb', 'Cm', 'Dm', 'Ebm / D#m', 'Gm', 'Bbm']","[82.47727891199999, 26.749387753999997, 20.805079364999983, 10.402539683000015, 94.34938742200004, 2.2291156460000003, 0.7430385490000013, 6.68734693899998, 22.291156463000007, 4.458231292999999, 11.145578230999991, 3.7151927430000002]"
70,Ripple,1980-10-27,288.253333,124.58636430822821,1,"['C', 'D', 'Eb / D#', 'Gb / F#', 'G', 'Ab / G#', 'Cm', 'Dm', 'Gm', 'Abm / G#m']","[124.08743764399999, 14.860770974000005, 18.575963719000015, 0.7430385490000049, 55.682267239, 5.94430839, 14.86077097599998, 26.006349205, 25.26331065800001, 2.229115646]"
71,Ripple,1980-10-27,280.96,122.6147993791765,8,"['C', 'D', 'G', 'B/Cb', 'Dm', 'Em', 'Gm']","[80.99120181399996, 41.610158732, 97.42947845800002, 4.458231293000001, 14.117732425999982, 0.7430385479999999, 41.61015872900001]"
72,Ripple,1980-10-29,286.253333,122.77981429712025,8,"['C', 'D', 'G', 'B/Cb', 'Cm', 'Gm']","[28.235464850999975, 31.950657596999974, 206.74820828400004, 3.715192744, 6.687346939000008, 8.916462585000005]"
73,Ripple,1980-10-29,284.293333,118.53764206800001,8,"['C', 'D', 'F', 'G', 'B/Cb', 'Bm/Cbm']","[28.235464851999943, 40.12408163299999, 3.7151927439999994, 207.0173239300001, 2.9721541950000003, 2.229115646]"
74,Ripple,1980-10-29,285.72,118.75774045147845,8,"['C', 'D', 'F', 'G', 'Ab / G#', 'Cm', 'Dm', 'Ebm / D#m', 'Em', 'Bbm']","[21.548117915000024, 28.978503400999998, 4.458231292999983, 207.30775510099997, 5.9443083889999855, 7.430385489000031, 5.2012698409999985, 2.622312925000017, 1.486077097, 0.743038549]"
75,Ripple,1980-10-29,286.68,120.62904841705023,8,"['C', 'D', 'F', 'G', 'B/Cb', 'Cm', 'Fm']","[31.207619049000044, 28.97850340099997, 0.7430385490000049, 214.60526076999997, 2.972154195, 3.715192744, 4.458231292000001]"
76,Ripple,1980-10-30,287.413333,121.48452598803426,8,"['C', 'D', 'G', 'Dm', 'Gm', 'Bm/Cbm']","[47.55446712000005, 11.145578231999991, 188.58920601599996, 8.173424036, 25.263310657000005, 6.687346939]"
77,Ripple,1980-10-30,284.853333,118.8927076629923,8,"['C', 'D', 'Eb / D#', 'G']","[36.40888888700002, 15.603809523999985, 1.486077098, 231.354557491]"
78,Ripple,1980-10-30,282.466667,119.90596050897128,8,"['C', 'G', 'Dm', 'Gm', 'Am', 'unknown']","[54.24181405900002, 196.27419534299992, 11.888616780000007, 13.37469387900002, 5.944308390000003, 0.743038549]"
79,Ripple,1980-10-31,263.013333,125.78074697096429,8,"['C', 'D', 'F', 'G', 'Em', 'Gm']","[65.387392291, 22.291156462999993, 3.7151927439999994, 167.16136021, 2.229115645999997, 2.2291156460000003]"
80,Ripple,1980-10-31,260.413333,126.6428822692695,1,"['C', 'D', 'G', 'Dbm / C#m', 'Dm']","[115.91401360299997, 24.520272109000018, 106.60435341000003, 2.229115647, 11.145578231000002]"
81,Ripple,1980-10-31,276.746667,127.59546812459976,8,"['C', 'D', 'G', 'Ab / G#', 'A', 'Cm']","[16.346848071999997, 19.31900226799999, 189.06811824699997, 15.603809524000006, 2.229115646, 34.179773243000014]"
82,Ripple,1980-10-31,263.693333,125.68130948367224,8,"['C', 'D', 'G', 'Ab / G#', 'A', 'Dm', 'Em']","[89.16462585000001, 9.659501133999996, 144.80716520099998, 5.944308389, 5.944308390000003, 4.458231291999994, 3.7151927439999994]"
83,Ripple,1980-12-06,339.733333,135.49773313542266,8,"['C', 'D', 'Eb / D#', 'E', 'F', 'Gb / F#', 'G', 'Ab / G#', 'Bb', 'B/Cb', 'Cm', 'Dbm / C#m', 'Dm', 'Bm/Cbm']","[63.901315192, 32.69369614499999, 5.201269842000045, 5.944308389000014, 4.458231292999983, 0.7430385490000049, 144.14947846, 10.402539681999997, 13.37469387599998, 8.916462585999966, 24.520272107999972, 17.99764139000007, 6.687346938999994, 0.743038549]"
84,Ripple,1980-12-31,290.24,128.15822176737674,8,"['C', 'Db / C#', 'D', 'F', 'Gb / F#', 'G', 'Em']","[86.93551020499999, 0.7430385480000155, 14.117732427000014, 2.229115646000011, 2.6840816330000052, 154.55201814, 28.978503400999987]"
85,Â Ripple,1980-12-31,282.12,122.44668158064857,1,"['C', 'D', 'F', 'G', 'Cm', 'Dm', 'Em', 'Am', 'unknown']","[119.62920635000003, 49.78358276499999, 11.145578230999998, 54.241814059000006, 15.603809524999997, 2.9721541950000017, 7.195736961999984, 17.832925169999996, 3.7151927430000002]"
86,Ripple,1980-12-31,293.453333,122.47558618250069,8,"['C', 'D', 'E', 'G', 'Ab / G#', 'Cm', 'Em', 'Fm', 'Gm']","[14.860770975000001, 21.54811791399996, 2.229115646, 216.22421768700005, 2.972154195, 4.458231291999994, 22.244262706000022, 1.4860770969999635, 7.430385487999985]"
87,Ripple,1981-05-22,245.546667,132.8048014086495,1,"['C', 'D', 'Eb / D#', 'G', 'Ab / G#', 'Em', 'Gm', 'Bm/Cbm', 'unknown']","[85.79337901800002, 40.12408163300002, 2.9721541950000017, 48.29750566799999, 7.430385486999995, 54.24181405999998, 2.972154196, 2.9721541950000003, 0.7430385479999999]"
88,Ripple ->,1981-05-22,242.68,134.25288041062828,2,"['Db / C#', 'D', 'Eb / D#', 'Ab / G#', 'Fm', 'Am']","[177.292607709, 0.743038547999987, 52.012698414000056, 5.2012698409999985, 6.68734693899998, 0.743038549]"
89,Ripple ->,1981-05-22,245.933333,134.1682951660939,8,"['C', 'D', 'G', 'Cm']","[103.26993163899996, 11.88861678100001, 110.71274376300002, 20.062040816999996]"
90,Ripple,1981-10-16,264.964104,131.4032663033774,13,"['C', 'D', 'G', 'Cm', 'Dm', 'Gm']","[42.35319728000001, 5.944308390000003, 71.774081322, 81.73424036299998, 15.60380952500002, 47.554467120000005]"
91,Ripple,1981-10-16,264.96,131.55584289132895,13,"['C', 'D', 'G', 'Cm', 'Dm', 'Gm']","[42.35319728000001, 5.944308390000003, 72.51301587099995, 83.220317461, 15.60380952500002, 45.325351473]"
92,Ripple,1981-10-16,261.613333,126.88731961007083,13,"['C', 'D', 'G', 'Cm', 'Dm', 'Gm']","[56.47092970499995, 37.89496598599999, 26.006349205999978, 71.33170068200008, 62.41523809400002, 7.494149327000002]"
93,Ripple,1981-10-16,258.306667,128.2464843658954,1,"['C', 'D', 'G', 'Cm', 'Dm']","[166.44063492, 48.297505670999996, 7.430385487, 8.173424036, 27.964716886000005]"
94,Ripple,1981-10-16,265.973333,131.23813682491797,8,"['D', 'G', 'Ab / G#', 'Cm', 'Em', 'Gbm / F#m', 'Bm/Cbm']","[98.08108843500001, 106.99755102000006, 1.4860770969999635, 36.374421436, 2.2291156470000004, 8.916462586000002, 11.888616778999996]"
95,Ripple,1988-09-03,348.173333,127.90293441024176,9,"['Db / C#', 'Eb / D#', 'E', 'F', 'Gb / F#', 'G', 'Ab / G#', 'Dbm / C#m', 'Ebm / D#m', 'Em', 'Fm', 'Abm / G#m']","[66.13043083999999, 46.068390022, 9.659501133999996, 20.06204081599998, 23.777233561000003, 12.631655329000012, 133.00390022699997, 17.089886621000005, 8.173424037, 6.687346938000019, 4.458231291000001, 0.43129218400002856]"
96,Ripple,1988-09-03,338.666667,112.87618103382744,7,"['Db / C#', 'E', 'F', 'Gb / F#', 'B/Cb', 'Em', 'Fm', 'Gbm / F#m', 'Bm/Cbm']","[24.520272110000025, 3.715192744000035, 13.958821193999995, 237.02929705199998, 29.721541949, 1.4860770980000098, 10.402539682999986, 12.631655329000012, 5.2012698409999985]"
97,Ripple,1988-09-03,346.053333,124.7533243775933,9,"['Db / C#', 'Eb / D#', 'F', 'Gb / F#', 'G', 'Ab / G#', 'Cm', 'Dbm / C#m', 'Dm', 'Ebm / D#m', 'Em', 'Fm', 'Gbm / F#m', 'Abm / G#m']","[57.95700680399999, 2.229115645999997, 22.08852574299999, 1.486077097999953, 4.45823129300004, 161.239365079, 1.4860770970000203, 37.894965987000006, 2.9721541949999875, 2.229115646000005, 2.972154193999984, 26.006349207000028, 0.743038549, 22.291156462000004]"
98,Ripple,1988-09-03,297.426667,119.40939842268445,1,"['C', 'Db / C#', 'D', 'G', 'Ab / G#', 'Cm', 'Dm', 'Em', 'Fm', 'Gm']","[106.25451247299993, 0.7430385490000049, 26.749387755000058, 44.58231292299997, 0.7430385489999995, 58.70004535099998, 17.089886622000023, 1.6973245970000237, 7.430385488000001, 33.43673469300002]"
